timeStamp,elapsed,label,responseCode,responseMessage,threadName,dataType,success,failureMessage,bytes,sentBytes,grpThreads,allThreads,URL,Latency,IdleTime,Connect
1785317081178,1354,TR - Open Home Page 1,200,OK,Scenario - Login 3-1,text,true,,5018,515,1,3,https://www.demoblaze.com/index.html,1351,0,1147
1785317081178,1357,TR - Open Home Page 1,200,OK,Scenario - Sign Up 2-1,text,true,,5008,515,1,3,https://www.demoblaze.com/index.html,1351,0,1142
1785317081178,1355,TR - Open Home Page 1,200,OK,Scenario - Place Order 4-1,text,true,,5049,515,1,3,https://www.demoblaze.com/index.html,1351,0,1150
1785317082541,169,TR - Open Home Page 2,200,OK,Scenario - Sign Up 2-1,text,true,,449,458,1,3,https://www.demoblaze.com/config.json,169,0,0
1785317082537,184,TR - Open Home Page 2,200,OK,Scenario - Place Order 4-1,text,true,,581,458,1,3,https://www.demoblaze.com/config.json,183,0,0
1785317082539,187,TR - Open Home Page 2,200,OK,Scenario - Login 3-1,text,true,,474,458,1,3,https://www.demoblaze.com/config.json,186,0,0
1785317082723,422,TR - Open Home Page 3,200,OK,Scenario - Place Order 4-1,text,true,,1554,400,1,3,https://api.demoblaze.com/entries,422,0,218
1785317080962,1961,TC - Open Home Page,200,"Number of samples in transaction : 3, number of failing samples : 0",Scenario - Place Order 4-1,,true,,7184,1373,1,3,null,1956,222,1368
1785317082728,431,TR - Open Home Page 3,200,OK,Scenario - Login 3-1,text,true,,1590,400,1,3,https://api.demoblaze.com/entries,430,0,234
1785317080925,1972,TC - Open Home Page,200,"Number of samples in transaction : 3, number of failing samples : 0",Scenario - Login 3-1,,true,,7082,1373,1,3,null,1967,263,1381
1785317082713,460,TR - Open Home Page 3,200,OK,Scenario - Sign Up 2-1,text,true,,1623,400,1,3,https://api.demoblaze.com/entries,455,0,241
1785317080923,1986,TC - Open Home Page,200,"Number of samples in transaction : 3, number of failing samples : 0",Scenario - Sign Up 2-1,,true,,7080,1373,1,3,null,1975,264,1383
1785317083854,213,TR - Open Home Page 1,200,OK,Scenario - Login 3-2,text,true,,5009,515,2,6,https://www.demoblaze.com/index.html,211,0,141
1785317083855,243,TR - Open Home Page 1,200,OK,Scenario - Sign Up 2-2,text,true,,5033,515,2,6,https://www.demoblaze.com/index.html,240,0,136
1785317083954,192,TR - Open Home Page 1,200,OK,Scenario - Place Order 4-2,text,true,,4953,515,2,6,https://www.demoblaze.com/index.html,190,0,124
1785317084068,190,TR - Open Home Page 2,200,OK,Scenario - Login 3-2,text,true,,531,458,2,6,https://www.demoblaze.com/config.json,190,0,0
1785317084099,185,TR - Open Home Page 2,200,OK,Scenario - Sign Up 2-2,text,true,,430,458,2,6,https://www.demoblaze.com/config.json,184,0,0
1785317084147,176,TR - Open Home Page 2,200,OK,Scenario - Place Order 4-2,text,true,,607,458,2,6,https://www.demoblaze.com/config.json,175,0,0
1785317084260,339,TR - Open Home Page 3,200,OK,Scenario - Login 3-2,text,true,,1486,400,2,6,https://api.demoblaze.com/entries,338,0,130
1785317083849,742,TC - Open Home Page,200,"Number of samples in transaction : 3, number of failing samples : 0",Scenario - Login 3-2,,true,,7026,1373,2,6,null,739,9,271
1785317084288,354,TR - Open Home Page 3,200,OK,Scenario - Sign Up 2-2,text,true,,1612,400,2,6,https://api.demoblaze.com/entries,352,0,133
1785317083851,782,TC - Open Home Page,200,"Number of samples in transaction : 3, number of failing samples : 0",Scenario - Sign Up 2-2,,true,,7075,1373,2,6,null,776,10,269
1785317084327,332,TR - Open Home Page 3,200,OK,Scenario - Place Order 4-2,text,true,,1539,400,2,6,https://api.demoblaze.com/entries,331,0,120
1785317083953,700,TC - Open Home Page,200,"Number of samples in transaction : 3, number of failing samples : 0",Scenario - Place Order 4-2,,true,,7099,1373,2,6,null,696,7,244
1785317085488,193,TR - Login-164,200,OK,Scenario - Login 3-1,text,true,,449,500,2,6,https://api.demoblaze.com/login,193,0,0
1785317086701,195,TR - Login-164,200,OK,Scenario - Place Order 4-2,text,true,,449,500,2,8,https://api.demoblaze.com/login,195,0,0
1785317086850,303,TR - Open Home Page 1,200,OK,Scenario - Login 3-3,text,true,,4850,515,3,9,https://www.demoblaze.com/index.html,300,0,124
1785317086852,351,TR - Open Home Page 1,200,OK,Scenario - Sign Up 2-3,text,true,,17517,515,3,9,https://www.demoblaze.com/index.html,303,0,127
1785317087155,68,TR - Open Home Page 2,200,OK,Scenario - Login 3-3,text,true,,452,458,3,9,https://www.demoblaze.com/config.json,67,0,0
1785317086938,297,TR - Open Home Page 1,200,OK,Scenario - Place Order 4-3,text,true,,4970,515,3,9,https://www.demoblaze.com/index.html,296,0,120
1785317087206,65,TR - Open Home Page 2,200,OK,Scenario - Sign Up 2-3,text,true,,552,458,3,9,https://www.demoblaze.com/config.json,65,0,0
1785317087237,69,TR - Open Home Page 2,200,OK,Scenario - Place Order 4-3,text,true,,441,458,3,9,https://www.demoblaze.com/config.json,69,0,0
1785317087227,329,TR - Open Home Page 3,200,OK,Scenario - Login 3-3,text,true,,1565,400,3,9,https://api.demoblaze.com/entries,328,0,142
1785317086847,700,TC - Open Home Page,200,"Number of samples in transaction : 3, number of failing samples : 0",Scenario - Login 3-3,,true,,6867,1373,3,9,null,695,10,266
1785317087274,327,TR - Open Home Page 3,200,OK,Scenario - Sign Up 2-3,text,true,,1553,400,3,9,https://api.demoblaze.com/entries,326,0,127
1785317086849,743,TC - Open Home Page,200,"Number of samples in transaction : 3, number of failing samples : 0",Scenario - Sign Up 2-3,,true,,19622,1373,3,9,null,694,10,254
1785317087309,319,TR - Open Home Page 3,200,OK,Scenario - Place Order 4-3,text,true,,1524,400,3,9,https://api.demoblaze.com/entries,318,0,121
1785317086937,685,TC - Open Home Page,200,"Number of samples in transaction : 3, number of failing samples : 0",Scenario - Place Order 4-3,,true,,6935,1373,3,9,null,683,7,241
1785317088286,181,TR - Sign Up-128,200,OK,Scenario - Sign Up 2-1,text,true,,449,501,3,9,https://api.demoblaze.com/signup,181,0,0
1785317088428,184,TR - Login-164,200,OK,Scenario - Place Order 4-1,text,true,,449,500,3,9,https://api.demoblaze.com/login,184,0,0
1785317089507,197,TR - Login-165,200,OK,Scenario - Login 3-1,text,true,,509,523,3,9,https://api.demoblaze.com/login,196,0,0
1785317089809,178,TR - Sign Up-128,200,OK,Scenario - Sign Up 2-2,text,true,,449,501,4,12,https://api.demoblaze.com/signup,178,0,0
1785317089812,187,TR - Login-164,200,OK,Scenario - Login 3-2,text,true,,449,500,4,12,https://api.demoblaze.com/login,187,0,0
1785317089847,199,TR - Open Home Page 1,200,OK,Scenario - Sign Up 2-4,text,true,,4950,515,4,12,https://www.demoblaze.com/index.html,197,0,132
1785317090047,63,TR - Open Home Page 2,200,OK,Scenario - Sign Up 2-4,text,true,,464,458,4,12,https://www.demoblaze.com/config.json,63,0,0
1785317089939,243,TR - Open Home Page 1,200,OK,Scenario - Place Order 4-4,text,true,,17517,515,4,12,https://www.demoblaze.com/index.html,192,0,126
1785317089858,330,TR - Open Home Page 1,200,OK,Scenario - Login 3-4,text,true,,5065,515,4,12,https://www.demoblaze.com/index.html,329,0,144
1785317090183,172,TR - Open Home Page 2,200,OK,Scenario - Place Order 4-4,text,true,,661,458,4,12,https://www.demoblaze.com/config.json,172,0,0
1785317090189,183,TR - Open Home Page 2,200,OK,Scenario - Login 3-4,text,true,,616,458,4,12,https://www.demoblaze.com/config.json,182,0,0
1785317090112,326,TR - Open Home Page 3,200,OK,Scenario - Sign Up 2-4,text,true,,1434,400,4,12,https://api.demoblaze.com/entries,326,0,118
1785317089844,588,TC - Open Home Page,200,"Number of samples in transaction : 3, number of failing samples : 0",Scenario - Sign Up 2-4,,true,,6848,1373,4,12,null,586,6,250
1785317090313,180,TR - Sign Up-128,200,OK,Scenario - Sign Up 2-3,text,true,,449,501,4,12,https://api.demoblaze.com/signup,180,0,0
1785317090360,326,TR - Open Home Page 3,200,OK,Scenario - Place Order 4-4,text,true,,1650,400,4,12,https://api.demoblaze.com/entries,326,0,130
1785317089938,741,TC - Open Home Page,200,"Number of samples in transaction : 3, number of failing samples : 0",Scenario - Place Order 4-4,,true,,19828,1373,4,12,null,690,8,256
1785317090376,333,TR - Open Home Page 3,200,OK,Scenario - Login 3-4,text,true,,1485,400,4,12,https://api.demoblaze.com/entries,332,0,131
1785317089856,846,TC - Open Home Page,200,"Number of samples in transaction : 3, number of failing samples : 0",Scenario - Login 3-4,,true,,7166,1373,4,12,null,843,8,275
1785317090805,180,TR - Login-164,200,OK,Scenario - Login 3-3,text,true,,449,500,4,12,https://api.demoblaze.com/login,180,0,0
1785317090826,204,TR - Login-164,200,OK,Scenario - Place Order 4-3,text,true,,449,500,4,12,https://api.demoblaze.com/login,204,0,0
1785317091132,201,TR - Login-165,200,OK,Scenario - Place Order 4-2,text,true,,642,523,4,12,https://api.demoblaze.com/login,198,0,0
1785317091162,190,TR - Sign Up-129,200,OK,Scenario - Sign Up 2-1,text,true,,538,524,4,12,https://api.demoblaze.com/signup,189,0,0
1785317083174,371,TC - Sign Up,200,"Number of samples in transaction : 2, number of failing samples : 0",Scenario - Sign Up 2-1,,true,,987,1025,4,12,null,370,7808,0
1785317092805,203,TR - Open Home Page 1,200,OK,Scenario - Login 3-5,text,true,,4971,515,5,14,https://www.demoblaze.com/index.html,202,0,129
1785317093008,63,TR - Open Home Page 2,200,OK,Scenario - Login 3-5,text,true,,566,458,5,14,https://www.demoblaze.com/config.json,63,0,0
1785317092936,208,TR - Open Home Page 1,200,OK,Scenario - Place Order 4-5,text,true,,4845,515,5,14,https://www.demoblaze.com/index.html,197,0,126
1785317092847,297,TR - Open Home Page 1,200,OK,Scenario - Sign Up 2-5,text,true,,4897,515,4,14,https://www.demoblaze.com/index.html,297,0,120
1785317093145,171,TR - Open Home Page 2,200,OK,Scenario - Sign Up 2-5,text,true,,510,458,4,14,https://www.demoblaze.com/config.json,170,0,0
1785317093144,185,TR - Open Home Page 2,200,OK,Scenario - Place Order 4-5,text,true,,650,458,5,14,https://www.demoblaze.com/config.json,184,0,0
1785317093300,173,TR - Login-164,200,OK,Scenario - Login 3-4,text,true,,449,500,5,14,https://api.demoblaze.com/login,173,0,0
1785317093075,444,TR - Open Home Page 3,200,OK,Scenario - Login 3-5,text,true,,1442,400,5,14,https://api.demoblaze.com/entries,443,0,124
1785317092802,710,TC - Open Home Page,200,"Number of samples in transaction : 3, number of failing samples : 0",Scenario - Login 3-5,,true,,6979,1373,5,14,null,708,7,253
1785317093509,176,TR - Login-164,200,OK,Scenario - Place Order 4-4,text,true,,449,500,5,14,https://api.demoblaze.com/login,176,0,0
1785317093320,375,TR - Open Home Page 3,200,OK,Scenario - Sign Up 2-5,text,true,,1505,400,4,14,https://api.demoblaze.com/entries,374,0,135
1785317092845,843,TC - Open Home Page,200,"Number of samples in transaction : 3, number of failing samples : 0",Scenario - Sign Up 2-5,,true,,6912,1373,4,14,null,841,8,255
1785317093333,366,TR - Open Home Page 3,200,OK,Scenario - Place Order 4-5,text,true,,1464,400,5,14,https://api.demoblaze.com/entries,366,0,134
1785317092934,759,TC - Open Home Page,200,"Number of samples in transaction : 3, number of failing samples : 0",Scenario - Place Order 4-5,,true,,6959,1373,5,14,null,747,7,260
1785317093878,208,TR - Login-165,200,OK,Scenario - Place Order 4-3,text,true,,464,523,5,14,https://api.demoblaze.com/login,206,0,0
1785317094142,180,TR - Sign Up-128,200,OK,Scenario - Sign Up 2-4,text,true,,449,501,4,14,https://api.demoblaze.com/signup,180,0,0
1785317094202,196,TR - Login-166,200,OK,Scenario - Place Order 4-2,text,true,,4996,515,5,14,https://www.demoblaze.com/index.html,189,0,0
1785317094262,197,TR - Login-165,200,OK,Scenario - Login 3-3,text,true,,625,523,5,14,https://api.demoblaze.com/login,197,0,0
1785317094399,209,TR - Login-165,200,OK,Scenario - Place Order 4-1,text,true,,433,523,5,14,https://api.demoblaze.com/login,208,0,0
1785317094633,85,TR - Login-166,200,OK,Scenario - Login 3-1,text,true,,17517,515,5,14,https://www.demoblaze.com/index.html,68,0,0
1785317094696,202,TR - Sign Up-129,200,OK,Scenario - Sign Up 2-3,text,true,,599,524,4,14,https://api.demoblaze.com/signup,199,0,0
1785317087603,382,TC - Sign Up,200,"Number of samples in transaction : 2, number of failing samples : 0",Scenario - Sign Up 2-3,,true,,1048,1025,4,14,null,379,6913,0
1785317094728,195,TR - Login-165,200,OK,Scenario - Login 3-2,text,true,,678,523,5,13,https://api.demoblaze.com/login,194,0,0
1785317095250,197,TR - Sign Up-129,200,OK,Scenario - Sign Up 2-2,text,true,,542,524,3,13,https://api.demoblaze.com/signup,196,0,0
1785317084643,375,TC - Sign Up,200,"Number of samples in transaction : 2, number of failing samples : 0",Scenario - Sign Up 2-2,,true,,991,1025,3,13,null,374,10430,0
1785317095699,193,TR - Sign Up-129,200,OK,Scenario - Sign Up 2-4,text,true,,532,524,3,14,https://api.demoblaze.com/signup,193,0,0
1785317090438,373,TC - Sign Up,200,"Number of samples in transaction : 2, number of failing samples : 0",Scenario - Sign Up 2-4,,true,,981,1025,3,14,null,373,5082,0
1785317095787,311,TR - Open Home Page 1,200,OK,Scenario - Login 3-6,text,true,,4951,515,6,14,https://www.demoblaze.com/index.html,309,0,137
1785317095920,196,TR - Open Home Page 1,200,OK,Scenario - Place Order 4-6,text,true,,4953,515,6,14,https://www.demoblaze.com/index.html,194,0,127
1785317095847,303,TR - Open Home Page 1,200,OK,Scenario - Sign Up 2-6,text,true,,5206,515,2,14,https://www.demoblaze.com/index.html,301,0,129
1785317096098,64,TR - Open Home Page 2,200,OK,Scenario - Login 3-6,text,true,,645,458,6,14,https://www.demoblaze.com/config.json,64,0,0
1785317096117,66,TR - Open Home Page 2,200,OK,Scenario - Place Order 4-6,text,true,,537,458,6,14,https://www.demoblaze.com/config.json,66,0,0
1785317096151,71,TR - Open Home Page 2,200,OK,Scenario - Sign Up 2-6,text,true,,510,458,2,14,https://www.demoblaze.com/config.json,69,0,0
1785317096164,662,TR - Open Home Page 3,200,OK,Scenario - Login 3-6,text,true,,1619,400,6,14,https://api.demoblaze.com/entries,662,0,131
1785317095786,1037,TC - Open Home Page,200,"Number of samples in transaction : 3, number of failing samples : 0",Scenario - Login 3-6,,true,,7215,1373,6,14,null,1035,4,268
1785317096185,645,TR - Open Home Page 3,200,OK,Scenario - Place Order 4-6,text,true,,1499,400,6,14,https://api.demoblaze.com/entries,644,0,118
1785317095918,907,TC - Open Home Page,200,"Number of samples in transaction : 3, number of failing samples : 0",Scenario - Place Order 4-6,,true,,6989,1373,6,14,null,904,5,245
1785317096225,797,TR - Open Home Page 3,200,OK,Scenario - Sign Up 2-6,text,true,,1611,400,2,14,https://api.demoblaze.com/entries,797,0,121
1785317095845,1171,TC - Open Home Page,200,"Number of samples in transaction : 3, number of failing samples : 0",Scenario - Sign Up 2-6,,true,,7327,1373,2,14,null,1167,7,250
1785317097744,182,TR - Login-166,200,OK,Scenario - Place Order 4-3,text,true,,4953,515,6,14,https://www.demoblaze.com/index.html,179,0,0
1785317098327,73,TR - Login-181,200,OK,Scenario - Login 3-1,text,true,,561,458,6,14,https://www.demoblaze.com/config.json,73,0,0
1785317098319,181,TR - Login-166,200,OK,Scenario - Login 3-3,text,true,,5076,515,6,14,https://www.demoblaze.com/index.html,177,0,0
1785317098709,213,TR - Login-164,200,OK,Scenario - Place Order 4-5,text,true,,449,500,7,17,https://api.demoblaze.com/login,213,0,0
1785317098864,66,TR - Login-181,200,OK,Scenario - Place Order 4-2,text,true,,522,458,7,17,https://www.demoblaze.com/config.json,65,0,0
1785317098709,223,TR - Sign Up-128,200,OK,Scenario - Sign Up 2-6,text,true,,449,501,3,17,https://api.demoblaze.com/signup,223,0,0
1785317098786,198,TR - Open Home Page 1,200,OK,Scenario - Login 3-7,text,true,,5127,515,7,17,https://www.demoblaze.com/index.html,195,0,129
1785317098814,177,TR - Login-164,200,OK,Scenario - Login 3-6,text,true,,449,500,7,17,https://api.demoblaze.com/login,177,0,0
1785317098845,300,TR - Open Home Page 1,200,OK,Scenario - Sign Up 2-7,text,true,,4938,515,3,17,https://www.demoblaze.com/index.html,298,0,119
1785317098952,196,TR - Login-165,200,OK,Scenario - Place Order 4-4,text,true,,484,523,7,17,https://api.demoblaze.com/login,195,0,0
1785317098985,173,TR - Open Home Page 2,200,OK,Scenario - Login 3-7,text,true,,481,458,7,17,https://www.demoblaze.com/config.json,173,0,0
1785317098908,309,TR - Open Home Page 1,200,OK,Scenario - Place Order 4-7,text,true,,5167,515,7,17,https://www.demoblaze.com/index.html,304,0,121
1785317099082,188,TR - Login-164,200,OK,Scenario - Login 3-5,text,true,,449,500,7,17,https://api.demoblaze.com/login,188,0,0
1785317099146,183,TR - Open Home Page 2,200,OK,Scenario - Sign Up 2-7,text,true,,575,458,3,17,https://www.demoblaze.com/config.json,183,0,0
1785317099218,174,TR - Open Home Page 2,200,OK,Scenario - Place Order 4-7,text,true,,605,458,7,17,https://www.demoblaze.com/config.json,174,0,0
1785317099288,246,TR - Login-165,200,OK,Scenario - Login 3-4,text,true,,558,523,7,17,https://api.demoblaze.com/login,246,0,0
1785317099159,492,TR - Open Home Page 3,200,OK,Scenario - Login 3-7,text,true,,1485,400,7,17,https://api.demoblaze.com/entries,492,0,138
1785317098783,863,TC - Open Home Page,200,"Number of samples in transaction : 3, number of failing samples : 0",Scenario - Login 3-7,,true,,7093,1373,7,17,null,860,6,267
1785317099533,182,TR - Login-166,200,OK,Scenario - Place Order 4-1,text,true,,5159,515,7,17,https://www.demoblaze.com/index.html,178,0,0
1785317099530,308,TR - Sign Up-128,200,OK,Scenario - Sign Up 2-5,text,true,,449,501,3,17,https://api.demoblaze.com/signup,308,0,0
1785317099409,429,TR - Login-164,200,OK,Scenario - Place Order 4-6,text,true,,449,500,7,17,https://api.demoblaze.com/login,429,0,0
1785317099332,521,TR - Open Home Page 3,200,OK,Scenario - Sign Up 2-7,text,true,,1466,400,3,17,https://api.demoblaze.com/entries,520,0,124
1785317098842,1004,TC - Open Home Page,200,"Number of samples in transaction : 3, number of failing samples : 0",Scenario - Sign Up 2-7,,true,,6979,1373,3,17,null,1001,8,243
1785317099393,531,TR - Open Home Page 3,200,OK,Scenario - Place Order 4-7,text,true,,1434,400,7,17,https://api.demoblaze.com/entries,531,0,122
1785317098907,1014,TC - Open Home Page,200,"Number of samples in transaction : 3, number of failing samples : 0",Scenario - Place Order 4-7,,true,,7206,1373,7,17,null,1009,4,243
1785317099968,67,TR - Login-181,200,OK,Scenario - Login 3-3,text,true,,490,458,7,17,https://www.demoblaze.com/config.json,66,0,0
1785317100504,78,TR - Login-166,200,OK,Scenario - Login 3-2,text,true,,4934,515,7,17,https://www.demoblaze.com/index.html,75,0,0
1785317100572,71,TR - Login-166,200,OK,Scenario - Login 3-4,text,true,,5055,515,7,17,https://www.demoblaze.com/index.html,68,0,0
1785317100645,184,TR - Login-165,200,OK,Scenario - Login 3-6,text,true,,533,523,7,17,https://api.demoblaze.com/login,183,0,0
1785317100672,175,TR - Login-181,200,OK,Scenario - Place Order 4-3,text,true,,463,458,7,17,https://www.demoblaze.com/config.json,175,0,0
1785317101453,173,TR - Sign Up-128,200,OK,Scenario - Sign Up 2-7,text,true,,449,501,3,17,https://api.demoblaze.com/signup,173,0,0
1785317101573,172,TR - Login-164,200,OK,Scenario - Login 3-7,text,true,,449,500,7,17,https://api.demoblaze.com/login,172,0,0
1785317101801,184,TR - Sign Up-129,200,OK,Scenario - Sign Up 2-6,text,true,,461,524,4,20,https://api.demoblaze.com/signup,184,0,0
1785317097023,407,TC - Sign Up,200,"Number of samples in transaction : 2, number of failing samples : 0",Scenario - Sign Up 2-6,,true,,910,1025,4,20,null,407,4556,0
1785317101839,204,TR - Open Home Page 1,200,OK,Scenario - Login 3-8,text,true,,5065,515,8,19,https://www.demoblaze.com/index.html,201,0,137
1785317101886,197,TR - Open Home Page 1,200,OK,Scenario - Place Order 4-8,text,true,,5036,515,8,19,https://www.demoblaze.com/index.html,195,0,128
1785317102044,65,TR - Open Home Page 2,200,OK,Scenario - Login 3-8,text,true,,488,458,8,19,https://www.demoblaze.com/config.json,65,0,0
1785317101844,334,TR - Open Home Page 1,200,OK,Scenario - Sign Up 2-8,text,true,,4830,515,3,19,https://www.demoblaze.com/index.html,334,0,140
1785317102179,64,TR - Open Home Page 2,200,OK,Scenario - Sign Up 2-8,text,true,,472,458,3,19,https://www.demoblaze.com/config.json,64,0,0
1785317102084,176,TR - Open Home Page 2,200,OK,Scenario - Place Order 4-8,text,true,,540,458,8,19,https://www.demoblaze.com/config.json,176,0,0
1785317102110,333,TR - Open Home Page 3,200,OK,Scenario - Login 3-8,text,true,,1644,400,8,19,https://api.demoblaze.com/entries,333,0,115
1785317101837,602,TC - Open Home Page,200,"Number of samples in transaction : 3, number of failing samples : 0",Scenario - Login 3-8,,true,,7197,1373,8,19,null,599,4,252
1785317102244,311,TR - Open Home Page 3,200,OK,Scenario - Sign Up 2-8,text,true,,1667,400,3,19,https://api.demoblaze.com/entries,311,0,113
1785317101842,709,TC - Open Home Page,200,"Number of samples in transaction : 3, number of failing samples : 0",Scenario - Sign Up 2-8,,true,,6969,1373,3,19,null,709,5,253
1785317102261,303,TR - Open Home Page 3,200,OK,Scenario - Place Order 4-8,text,true,,1660,400,8,19,https://api.demoblaze.com/entries,302,0,116
1785317101884,676,TC - Open Home Page,200,"Number of samples in transaction : 3, number of failing samples : 0",Scenario - Place Order 4-8,,true,,7236,1373,8,19,null,673,5,244
1785317102490,200,TR - Login-166,200,OK,Scenario - Login 3-6,text,true,,17517,515,8,19,https://www.demoblaze.com/index.html,182,0,0
1785317102864,250,TR - Login-182,200,OK,Scenario - Login 3-1,text,true,,449,500,8,19,https://api.demoblaze.com/check,250,0,0
1785317102989,191,TR - Login-182,200,OK,Scenario - Place Order 4-2,text,true,,449,500,8,19,https://api.demoblaze.com/check,191,0,0
1785317103306,79,TR - Login-166,200,OK,Scenario - Place Order 4-4,text,true,,17517,515,8,19,https://www.demoblaze.com/index.html,67,0,0
1785317103255,185,TR - Login-164,200,OK,Scenario - Place Order 4-7,text,true,,449,500,8,19,https://api.demoblaze.com/login,185,0,0
1785317103375,195,TR - Sign Up-129,200,OK,Scenario - Sign Up 2-7,text,true,,533,524,3,19,https://api.demoblaze.com/signup,194,0,0
1785317099854,368,TC - Sign Up,200,"Number of samples in transaction : 2, number of failing samples : 0",Scenario - Sign Up 2-7,,true,,982,1025,3,19,null,367,3349,0
1785317103605,183,TR - Login-181,200,OK,Scenario - Login 3-2,text,true,,653,458,8,18,https://www.demoblaze.com/config.json,183,0,0
1785317103644,230,TR - Login-181,200,OK,Scenario - Place Order 4-1,text,true,,643,458,8,18,https://www.demoblaze.com/config.json,229,0,0
1785317103891,198,TR - Sign Up-129,200,OK,Scenario - Sign Up 2-5,text,true,,511,524,2,18,https://api.demoblaze.com/signup,197,0,0
1785317093696,506,TC - Sign Up,200,"Number of samples in transaction : 2, number of failing samples : 0",Scenario - Sign Up 2-5,,true,,960,1025,2,18,null,505,9887,0
1785317103938,177,TR - Login-181,200,OK,Scenario - Login 3-4,text,true,,531,458,8,17,https://www.demoblaze.com/config.json,177,0,0
1785317104045,184,TR - Login-165,200,OK,Scenario - Login 3-5,text,true,,669,523,8,17,https://api.demoblaze.com/login,183,0,0
1785317104373,218,TR - Login-182,200,OK,Scenario - Login 3-3,text,true,,449,500,8,17,https://api.demoblaze.com/check,218,0,0
1785317104374,228,TR - Login-182,200,OK,Scenario - Place Order 4-3,text,true,,449,500,8,17,https://api.demoblaze.com/check,228,0,0
1785317104371,251,TR - Login-165,200,OK,Scenario - Place Order 4-5,text,true,,451,523,8,17,https://api.demoblaze.com/login,251,0,0
1785317104857,187,TR - Open Home Page 1,200,OK,Scenario - Place Order 4-9,text,true,,5084,515,9,20,https://www.demoblaze.com/index.html,185,0,118
1785317104898,181,TR - Login-181,200,OK,Scenario - Place Order 4-4,text,true,,584,458,9,20,https://www.demoblaze.com/config.json,180,0,0
1785317104798,294,TR - Open Home Page 1,200,OK,Scenario - Login 3-9,text,true,,5154,515,9,20,https://www.demoblaze.com/index.html,292,0,118
1785317105045,66,TR - Open Home Page 2,200,OK,Scenario - Place Order 4-9,text,true,,628,458,9,20,https://www.demoblaze.com/config.json,66,0,0
1785317104837,281,TR - Open Home Page 1,200,OK,Scenario - Sign Up 2-9,text,true,,5250,515,2,20,https://www.demoblaze.com/index.html,279,0,206
1785317104931,202,TR - Login-165,200,OK,Scenario - Place Order 4-7,text,true,,493,523,9,20,https://api.demoblaze.com/login,201,0,0
1785317105093,89,TR - Open Home Page 2,200,OK,Scenario - Login 3-9,text,true,,626,458,9,20,https://www.demoblaze.com/config.json,71,0,0
1785317104965,232,TR - Login-165,200,OK,Scenario - Place Order 4-6,text,true,,481,523,9,20,https://api.demoblaze.com/login,232,0,0
1785317105119,181,TR - Open Home Page 2,200,OK,Scenario - Sign Up 2-9,text,true,,469,458,2,20,https://www.demoblaze.com/config.json,180,0,0
1785317105167,209,TR - Login-164,200,OK,Scenario - Login 3-8,text,true,,449,500,9,20,https://api.demoblaze.com/login,209,0,0
1785317105188,200,TR - Login-165,200,OK,Scenario - Login 3-7,text,true,,591,523,9,20,https://api.demoblaze.com/login,200,0,0
1785317105114,375,TR - Open Home Page 3,200,OK,Scenario - Place Order 4-9,text,true,,1517,400,9,20,https://api.demoblaze.com/entries,375,0,148
1785317104856,628,TC - Open Home Page,200,"Number of samples in transaction : 3, number of failing samples : 0",Scenario - Place Order 4-9,,true,,7229,1373,9,20,null,626,6,266
1785317105334,192,TR - Login-182,200,OK,Scenario - Login 3-2,text,true,,449,500,9,20,https://api.demoblaze.com/check,192,0,0
1785317105183,344,TR - Open Home Page 3,200,OK,Scenario - Login 3-9,text,true,,1610,400,9,20,https://api.demoblaze.com/entries,343,0,131
1785317104798,727,TC - Open Home Page,200,"Number of samples in transaction : 3, number of failing samples : 0",Scenario - Login 3-9,,true,,7390,1373,9,20,null,706,2,249
1785317105302,313,TR - Open Home Page 3,200,OK,Scenario - Sign Up 2-9,text,true,,1657,400,2,20,https://api.demoblaze.com/entries,313,0,123
1785317104836,775,TC - Open Home Page,200,"Number of samples in transaction : 3, number of failing samples : 0",Scenario - Sign Up 2-9,,true,,7376,1373,2,20,null,772,5,329
1785317105693,63,TR - Login-181,200,OK,Scenario - Login 3-6,text,true,,656,458,9,20,https://www.demoblaze.com/config.json,63,0,0
1785317105704,224,TR - Login-164,200,OK,Scenario - Place Order 4-8,text,true,,449,500,9,20,https://api.demoblaze.com/login,224,0,0
1785317105989,235,TR - Login-183,200,OK,Scenario - Place Order 4-2,text,true,,1664,400,9,20,https://api.demoblaze.com/entries,234,0,0
1785317106234,190,TR - Login-183,200,OK,Scenario - Place Order 4-3,text,true,,1476,400,9,20,https://api.demoblaze.com/entries,187,0,0
1785317105686,828,TR - Sign Up-128,200,OK,Scenario - Sign Up 2-8,text,true,,449,501,2,20,https://api.demoblaze.com/signup,828,0,0
1785317106678,270,TR - Login-182,200,OK,Scenario - Login 3-4,text,true,,449,500,9,20,https://api.demoblaze.com/check,270,0,0
1785317106990,177,TR - Login-182,200,OK,Scenario - Login 3-6,text,true,,449,500,9,20,https://api.demoblaze.com/check,177,0,0
1785317107007,184,TR - Login-165,200,OK,Scenario - Login 3-8,text,true,,610,523,9,20,https://api.demoblaze.com/login,184,0,0
1785317107002,225,TR - Login-183,200,OK,Scenario - Login 3-1,text,true,,1427,400,9,20,https://api.demoblaze.com/entries,225,0,0
1785317107060,183,TR - Login-182,200,OK,Scenario - Place Order 4-1,text,true,,449,500,9,20,https://api.demoblaze.com/check,183,0,0
1785317107114,176,TR - Login-166,200,OK,Scenario - Place Order 4-5,text,true,,5053,515,9,20,https://www.demoblaze.com/index.html,172,0,0
1785317107314,87,TR - Login-166,200,OK,Scenario - Login 3-7,text,true,,17517,515,9,20,https://www.demoblaze.com/index.html,66,0,0
1785317107647,183,TR - Login-182,200,OK,Scenario - Place Order 4-4,text,true,,449,500,9,20,https://api.demoblaze.com/check,183,0,0
1785317107833,179,TR - Login-164,200,OK,Scenario - Place Order 4-9,text,true,,449,500,10,23,https://api.demoblaze.com/login,179,0,0
1785317107849,185,TR - Open Home Page 1,200,OK,Scenario - Place Order 4-10,text,true,,5232,515,10,23,https://www.demoblaze.com/index.html,184,0,118
1785317107846,214,TR - Open Home Page 1,200,OK,Scenario - Login 3-10,text,true,,4973,515,10,23,https://www.demoblaze.com/index.html,213,0,126
1785317108035,64,TR - Open Home Page 2,200,OK,Scenario - Place Order 4-10,text,true,,591,458,10,23,https://www.demoblaze.com/config.json,64,0,0
1785317108061,69,TR - Open Home Page 2,200,OK,Scenario - Login 3-10,text,true,,454,458,10,23,https://www.demoblaze.com/config.json,69,0,0
1785317107839,302,TR - Open Home Page 1,200,OK,Scenario - Sign Up 2-10,text,true,,5003,515,3,23,https://www.demoblaze.com/index.html,302,0,116
1785317108033,203,TR - Login-183,200,OK,Scenario - Login 3-2,text,true,,1599,400,10,23,https://api.demoblaze.com/entries,203,0,0
1785317108142,177,TR - Open Home Page 2,200,OK,Scenario - Sign Up 2-10,text,true,,564,458,3,23,https://www.demoblaze.com/config.json,177,0,0
1785317108100,346,TR - Open Home Page 3,200,OK,Scenario - Place Order 4-10,text,true,,1670,400,10,23,https://api.demoblaze.com/entries,346,0,137
1785317107847,595,TC - Open Home Page,200,"Number of samples in transaction : 3, number of failing samples : 0",Scenario - Place Order 4-10,,true,,7493,1373,10,23,null,594,5,255
1785317108131,339,TR - Open Home Page 3,200,OK,Scenario - Login 3-10,text,true,,1576,400,10,23,https://api.demoblaze.com/entries,338,0,125
1785317107843,622,TC - Open Home Page,200,"Number of samples in transaction : 3, number of failing samples : 0",Scenario - Login 3-10,,true,,7003,1373,10,23,null,620,5,251
1785317108410,63,TR - Login-181,200,OK,Scenario - Place Order 4-5,text,true,,442,458,10,23,https://www.demoblaze.com/config.json,63,0,0
1785317108331,172,TR - Login-164,200,OK,Scenario - Login 3-9,text,true,,449,500,10,23,https://api.demoblaze.com/login,172,0,0
1785317108321,314,TR - Open Home Page 3,200,OK,Scenario - Sign Up 2-10,text,true,,1525,400,3,23,https://api.demoblaze.com/entries,314,0,117
1785317107837,793,TC - Open Home Page,200,"Number of samples in transaction : 3, number of failing samples : 0",Scenario - Sign Up 2-10,,true,,7092,1373,3,23,null,793,6,233
1785317108562,260,TR - Login-166,200,OK,Scenario - Login 3-5,text,true,,4926,515,10,23,https://www.demoblaze.com/index.html,258,0,0
1785317108599,223,TR - Login-183,200,OK,Scenario - Login 3-3,text,true,,1492,400,10,23,https://api.demoblaze.com/entries,223,0,0
1785317109120,194,TR - Login-184,200,OK,Scenario - Place Order 4-2,text,true,,609,471,10,23,https://api.demoblaze.com/check,194,0,0
1785317084661,1278,TC - Login,200,"Number of samples in transaction : 7, number of failing samples : 0",Scenario - Place Order 4-2,,true,,9331,3367,10,23,null,1266,23376,0
1785317109134,193,TR - Sign Up-129,200,OK,Scenario - Sign Up 2-8,text,true,,568,524,3,23,https://api.demoblaze.com/signup,193,0,0
1785317102556,1021,TC - Sign Up,200,"Number of samples in transaction : 2, number of failing samples : 0",Scenario - Sign Up 2-8,,true,,1017,1025,3,23,null,1021,5750,0
1785317109322,185,TR - Login-184,200,OK,Scenario - Login 3-2,text,true,,494,471,10,22,https://api.demoblaze.com/check,185,0,0
1785317084600,1223,TC - Login,200,"Number of samples in transaction : 7, number of failing samples : 0",Scenario - Login 3-2,,true,,9256,3367,10,22,null,1219,23685,0
1785317109421,187,TR - Login-183,200,OK,Scenario - Login 3-6,text,true,,1483,400,9,21,https://api.demoblaze.com/entries,187,0,0
1785317109791,73,TR - Login-166,200,OK,Scenario - Place Order 4-6,text,true,,4930,515,10,21,https://www.demoblaze.com/index.html,71,0,0
1785317109691,194,TR - Login-184,200,OK,Scenario - Place Order 4-3,text,true,,577,471,10,21,https://api.demoblaze.com/check,193,0,0
1785317087629,1381,TC - Login,200,"Number of samples in transaction : 7, number of failing samples : 0",Scenario - Place Order 4-3,,true,,8831,3367,10,21,null,1372,20875,0
1785317109923,188,TR - Login-183,200,OK,Scenario - Place Order 4-4,text,true,,1553,400,10,21,https://api.demoblaze.com/entries,187,0,0
1785317110068,69,TR - Login-181,200,OK,Scenario - Login 3-7,text,true,,526,458,9,21,https://www.demoblaze.com/config.json,68,0,0
1785317110022,220,TR - Login-165,200,OK,Scenario - Login 3-9,text,true,,450,523,9,21,https://api.demoblaze.com/login,216,0,0
1785317110137,184,TR - Login-164,200,OK,Scenario - Place Order 4-10,text,true,,449,500,10,21,https://api.demoblaze.com/login,184,0,0
1785317110232,179,TR - Login-166,200,OK,Scenario - Place Order 4-7,text,true,,4888,515,10,21,https://www.demoblaze.com/index.html,175,0,0
1785317110543,186,TR - Sign Up-128,200,OK,Scenario - Sign Up 2-9,text,true,,449,501,2,21,https://api.demoblaze.com/signup,186,0,0
1785317110653,192,TR - Login-184,200,OK,Scenario - Login 3-1,text,true,,557,471,10,23,https://api.demoblaze.com/check,191,0,0
1785317083160,1215,TC - Login,200,"Number of samples in transaction : 7, number of failing samples : 0",Scenario - Login 3-1,,true,,21469,3367,10,23,null,1196,26470,0
1785317110754,197,TR - Login-182,200,OK,Scenario - Place Order 4-5,text,true,,449,500,11,23,https://api.demoblaze.com/check,197,0,0
1785317110835,183,TR - Open Home Page 1,200,OK,Scenario - Sign Up 2-11,text,true,,5074,515,3,23,https://www.demoblaze.com/index.html,182,0,118
1785317110853,181,TR - Open Home Page 1,200,OK,Scenario - Place Order 4-11,text,true,,5049,515,11,23,https://www.demoblaze.com/index.html,180,0,114
1785317110840,232,TR - Open Home Page 1,200,OK,Scenario - Login 3-11,text,true,,17517,515,9,23,https://www.demoblaze.com/index.html,181,0,116
1785317111018,172,TR - Open Home Page 2,200,OK,Scenario - Sign Up 2-11,text,true,,568,458,3,23,https://www.demoblaze.com/config.json,172,0,0
1785317111139,64,TR - Login-181,200,OK,Scenario - Place Order 4-6,text,true,,637,458,11,23,https://www.demoblaze.com/config.json,64,0,0
1785317111073,169,TR - Open Home Page 2,200,OK,Scenario - Login 3-11,text,true,,599,458,9,23,https://www.demoblaze.com/config.json,169,0,0
1785317111035,300,TR - Open Home Page 2,200,OK,Scenario - Place Order 4-11,text,true,,456,458,11,23,https://www.demoblaze.com/config.json,286,0,0
1785317111187,184,TR - Login-165,200,OK,Scenario - Place Order 4-9,text,true,,575,523,11,23,https://api.demoblaze.com/login,184,0,0
1785317111192,324,TR - Open Home Page 3,200,OK,Scenario - Sign Up 2-11,text,true,,1608,400,3,23,https://api.demoblaze.com/entries,323,0,123
1785317110834,679,TC - Open Home Page,200,"Number of samples in transaction : 3, number of failing samples : 0",Scenario - Sign Up 2-11,,true,,7250,1373,3,23,null,677,3,241
1785317111367,193,TR - Login-165,200,OK,Scenario - Place Order 4-8,text,true,,570,523,11,23,https://api.demoblaze.com/login,193,0,0
1785317111244,321,TR - Open Home Page 3,200,OK,Scenario - Login 3-11,text,true,,1530,400,9,23,https://api.demoblaze.com/entries,320,0,114
1785317110839,722,TC - Open Home Page,200,"Number of samples in transaction : 3, number of failing samples : 0",Scenario - Login 3-11,,true,,19646,1373,9,23,null,670,4,230
1785317111479,226,TR - Login-183,200,OK,Scenario - Login 3-4,text,true,,1485,400,9,23,https://api.demoblaze.com/entries,226,0,0
1785317111336,369,TR - Open Home Page 3,200,OK,Scenario - Place Order 4-11,text,true,,1670,400,11,23,https://api.demoblaze.com/entries,369,0,147
1785317110852,850,TC - Open Home Page,200,"Number of samples in transaction : 3, number of failing samples : 0",Scenario - Place Order 4-11,,true,,7175,1373,11,23,null,835,3,261
1785317111933,63,TR - Login-181,200,OK,Scenario - Login 3-5,text,true,,468,458,9,23,https://www.demoblaze.com/config.json,62,0,0
1785317112102,86,TR - Login-166,200,OK,Scenario - Login 3-9,text,true,,17517,515,9,23,https://www.demoblaze.com/index.html,68,0,0
1785317112304,190,TR - Login-166,200,OK,Scenario - Login 3-8,text,true,,4915,515,9,23,https://www.demoblaze.com/index.html,183,0,0
1785317112652,181,TR - Login-164,200,OK,Scenario - Login 3-11,text,true,,449,500,9,23,https://api.demoblaze.com/login,181,0,0
1785317112709,225,TR - Login-184,200,OK,Scenario - Place Order 4-4,text,true,,567,471,11,23,https://api.demoblaze.com/check,225,0,0
1785317090687,1228,TC - Login,200,"Number of samples in transaction : 7, number of failing samples : 0",Scenario - Place Order 4-4,,true,,21603,3367,11,23,null,1213,21020,0
1785317112808,186,TR - Login-165,200,OK,Scenario - Place Order 4-10,text,true,,585,523,11,23,https://api.demoblaze.com/login,186,0,0
1785317113028,201,TR - Login-183,200,OK,Scenario - Place Order 4-1,text,true,,1640,400,11,23,https://api.demoblaze.com/entries,200,0,0
1785317113359,175,TR - Sign Up-128,200,OK,Scenario - Sign Up 2-11,text,true,,449,501,3,23,https://api.demoblaze.com/signup,175,0,0
1785317113442,171,TR - Sign Up-128,200,OK,Scenario - Sign Up 2-10,text,true,,449,501,3,23,https://api.demoblaze.com/signup,171,0,0
1785317113568,206,TR - Login-184,200,OK,Scenario - Login 3-6,text,true,,526,471,9,23,https://api.demoblaze.com/check,206,0,0
1785317096827,1194,TC - Login,200,"Number of samples in transaction : 7, number of failing samples : 0",Scenario - Login 3-6,,true,,21613,3367,9,23,null,1175,15754,0
1785317113630,176,TR - Login-164,200,OK,Scenario - Login 3-10,text,true,,449,500,8,22,https://api.demoblaze.com/login,176,0,0
1785317113717,184,TR - Login-184,200,OK,Scenario - Login 3-4,text,true,,522,471,9,25,https://api.demoblaze.com/check,183,0,0
1785317090710,1347,TC - Login,200,"Number of samples in transaction : 7, number of failing samples : 0",Scenario - Login 3-4,,true,,9049,3367,9,25,null,1343,21844,0
1785317113907,62,TR - Login-181,200,OK,Scenario - Place Order 4-7,text,true,,615,458,12,24,https://www.demoblaze.com/config.json,61,0,0
1785317113837,187,TR - Open Home Page 1,200,OK,Scenario - Sign Up 2-12,text,true,,4968,515,4,24,https://www.demoblaze.com/index.html,184,0,121
1785317113841,197,TR - Open Home Page 1,200,OK,Scenario - Login 3-12,text,true,,5098,515,8,24,https://www.demoblaze.com/index.html,194,0,131
1785317114025,62,TR - Open Home Page 2,200,OK,Scenario - Sign Up 2-12,text,true,,567,458,4,24,https://www.demoblaze.com/config.json,62,0,0
1785317114038,67,TR - Open Home Page 2,200,OK,Scenario - Login 3-12,text,true,,512,458,8,24,https://www.demoblaze.com/config.json,67,0,0
1785317114088,328,TR - Open Home Page 3,200,OK,Scenario - Sign Up 2-12,text,true,,1591,400,4,24,https://api.demoblaze.com/entries,328,0,120
1785317113835,577,TC - Open Home Page,200,"Number of samples in transaction : 3, number of failing samples : 0",Scenario - Sign Up 2-12,,true,,7126,1373,4,24,null,574,5,241
1785317114106,335,TR - Open Home Page 3,200,OK,Scenario - Login 3-12,text,true,,1618,400,8,24,https://api.demoblaze.com/entries,335,0,131
1785317113838,599,TC - Open Home Page,200,"Number of samples in transaction : 3, number of failing samples : 0",Scenario - Login 3-12,,true,,7228,1373,8,24,null,596,5,262
1785317114382,188,TR - Select Category-296,200,OK,Scenario - Place Order 4-4,text,true,,449,500,12,24,https://api.demoblaze.com/bycat,188,0,0
1785317113844,857,TR - Open Home Page 1,200,OK,Scenario - Place Order 4-12,text,true,,5026,515,12,24,https://www.demoblaze.com/index.html,845,0,419
1785317114702,194,TR - Open Home Page 2,200,OK,Scenario - Place Order 4-12,text,true,,446,458,12,24,https://www.demoblaze.com/config.json,194,0,0
1785317114752,197,TR - Login-166,200,OK,Scenario - Place Order 4-9,text,true,,17517,515,12,24,https://www.demoblaze.com/index.html,179,0,0
1785317114795,180,TR - Login-182,200,OK,Scenario - Login 3-7,text,true,,449,500,8,24,https://api.demoblaze.com/check,180,0,0
1785317114810,187,TR - Login-184,200,OK,Scenario - Login 3-3,text,true,,479,471,8,24,https://api.demoblaze.com/check,186,0,0
1785317087558,1253,TC - Login,200,"Number of samples in transaction : 7, number of failing samples : 0",Scenario - Login 3-3,,true,,9060,3367,8,24,null,1247,26186,0
1785317114864,183,TR - Login-164,200,OK,Scenario - Place Order 4-11,text,true,,449,500,12,23,https://api.demoblaze.com/login,183,0,0
1785317114899,309,TR - Open Home Page 3,200,OK,Scenario - Place Order 4-12,text,true,,1566,400,12,23,https://api.demoblaze.com/entries,309,0,119
1785317113841,1360,TC - Open Home Page,200,"Number of samples in transaction : 3, number of failing samples : 0",Scenario - Place Order 4-12,,true,,7038,1373,12,23,null,1348,8,538
1785317115034,175,TR - Select Category-296,200,OK,Scenario - Place Order 4-3,text,true,,449,500,12,23,https://api.demoblaze.com/bycat,175,0,0
1785317115034,177,TR - Select Category-296,200,OK,Scenario - Place Order 4-2,text,true,,449,500,12,23,https://api.demoblaze.com/bycat,177,0,0
1785317115072,181,TR - Login-182,200,OK,Scenario - Login 3-5,text,true,,449,500,7,23,https://api.demoblaze.com/check,181,0,0
1785317115240,192,TR - Sign Up-129,200,OK,Scenario - Sign Up 2-9,text,true,,511,524,4,23,https://api.demoblaze.com/signup,192,0,0
1785317105616,378,TC - Sign Up,200,"Number of samples in transaction : 2, number of failing samples : 0",Scenario - Sign Up 2-9,,true,,960,1025,4,23,null,378,9439,0
1785317115325,202,TR - Sign Up-129,200,OK,Scenario - Sign Up 2-11,text,true,,552,524,3,22,https://api.demoblaze.com/signup,202,0,0
1785317111516,377,TC - Sign Up,200,"Number of samples in transaction : 2, number of failing samples : 0",Scenario - Sign Up 2-11,,true,,1001,1025,3,22,null,377,3634,0
1785317115359,170,TR - Login-181,200,OK,Scenario - Login 3-9,text,true,,488,458,7,22,https://www.demoblaze.com/config.json,169,0,0
1785317115367,188,TR - Login-166,200,OK,Scenario - Place Order 4-8,text,true,,4796,515,12,21,https://www.demoblaze.com/index.html,184,0,0
1785317115682,194,TR - Sign Up-129,200,OK,Scenario - Sign Up 2-10,text,true,,641,524,2,21,https://api.demoblaze.com/signup,194,0,0
1785317108636,365,TC - Sign Up,200,"Number of samples in transaction : 2, number of failing samples : 0",Scenario - Sign Up 2-10,,true,,1090,1025,2,21,null,365,6876,0
1785317115800,196,TR - Login-183,200,OK,Scenario - Place Order 4-5,text,true,,1491,400,12,20,https://api.demoblaze.com/entries,196,0,0
1785317116004,174,TR - Login-182,200,OK,Scenario - Place Order 4-6,text,true,,449,500,12,20,https://api.demoblaze.com/check,174,0,0
1785317116102,173,TR - Login-181,200,OK,Scenario - Login 3-8,text,true,,471,458,7,20,https://www.demoblaze.com/config.json,173,0,0
1785317116193,195,TR - Login-182,200,OK,Scenario - Place Order 4-7,text,true,,449,500,12,20,https://api.demoblaze.com/check,195,0,0
1785317116843,182,TR - Open Home Page 1,200,OK,Scenario - Login 3-13,text,true,,5098,515,8,23,https://www.demoblaze.com/index.html,181,0,113
1785317116812,245,TR - Open Home Page 1,200,OK,Scenario - Place Order 4-13,text,true,,17517,515,13,23,https://www.demoblaze.com/index.html,195,0,126
1785317116831,234,TR - Open Home Page 1,200,OK,Scenario - Sign Up 2-13,text,true,,17517,515,2,23,https://www.demoblaze.com/index.html,186,0,119
1785317117057,66,TR - Open Home Page 2,200,OK,Scenario - Place Order 4-13,text,true,,650,458,13,23,https://www.demoblaze.com/config.json,66,0,0
1785317117025,173,TR - Open Home Page 2,200,OK,Scenario - Login 3-13,text,true,,586,458,8,23,https://www.demoblaze.com/config.json,172,0,0
1785317117066,183,TR - Open Home Page 2,200,OK,Scenario - Sign Up 2-13,text,true,,534,458,2,23,https://www.demoblaze.com/config.json,183,0,0
1785317117228,187,TR - Login-184,200,OK,Scenario - Place Order 4-5,text,true,,536,471,13,23,https://api.demoblaze.com/check,187,0,0
1785317093700,1283,TC - Login,200,"Number of samples in transaction : 7, number of failing samples : 0",Scenario - Place Order 4-5,,true,,8871,3367,13,23,null,1279,22432,0
1785317117347,82,TR - Login-166,200,OK,Scenario - Place Order 4-10,text,true,,17517,515,13,23,https://www.demoblaze.com/index.html,68,0,0
1785317117243,190,TR - Login-182,200,OK,Scenario - Login 3-9,text,true,,449,500,8,23,https://api.demoblaze.com/check,190,0,0
1785317117126,325,TR - Open Home Page 3,200,OK,Scenario - Place Order 4-13,text,true,,1533,400,13,23,https://api.demoblaze.com/entries,325,0,119
1785317116811,636,TC - Open Home Page,200,"Number of samples in transaction : 3, number of failing samples : 0",Scenario - Place Order 4-13,,true,,19700,1373,13,23,null,586,4,245
1785317117250,336,TR - Open Home Page 3,200,OK,Scenario - Sign Up 2-13,text,true,,1456,400,2,23,https://api.demoblaze.com/entries,335,0,120
1785317116830,753,TC - Open Home Page,200,"Number of samples in transaction : 3, number of failing samples : 0",Scenario - Sign Up 2-13,,true,,19507,1373,2,23,null,704,3,239
1785317117200,404,TR - Open Home Page 3,200,OK,Scenario - Login 3-13,text,true,,1586,400,8,23,https://api.demoblaze.com/entries,404,0,194
1785317116842,759,TC - Open Home Page,200,"Number of samples in transaction : 3, number of failing samples : 0",Scenario - Login 3-13,,true,,7270,1373,8,23,null,757,4,307
1785317117431,207,TR - Login-183,200,OK,Scenario - Place Order 4-7,text,true,,1460,400,13,23,https://api.demoblaze.com/entries,207,0,0
1785317117921,67,TR - Login-181,200,OK,Scenario - Place Order 4-8,text,true,,436,458,13,23,https://www.demoblaze.com/config.json,66,0,0
1785317117804,214,TR - Select Category-297,200,OK,Scenario - Place Order 4-4,text,true,,1451,484,13,23,https://api.demoblaze.com/bycat,214,0,0
1785317112935,402,TC - Select Category,200,"Number of samples in transaction : 2, number of failing samples : 0",Scenario - Place Order 4-4,,true,,1900,984,13,23,null,402,4682,0
1785317118053,194,TR - Login-184,200,OK,Scenario - Place Order 4-1,text,true,,632,471,13,23,https://api.demoblaze.com/check,193,0,0
1785317083146,1383,TC - Login,200,"Number of samples in transaction : 7, number of failing samples : 0",Scenario - Place Order 4-1,,true,,9405,3367,13,23,null,1375,33718,0
1785317118321,194,TR - Login-165,200,OK,Scenario - Place Order 4-11,text,true,,512,523,13,23,https://api.demoblaze.com/login,194,0,0
1785317118381,203,TR - Login-165,200,OK,Scenario - Login 3-11,text,true,,487,523,8,23,https://api.demoblaze.com/login,202,0,0
1785317118382,207,TR - Select Category-297,200,OK,Scenario - Place Order 4-2,text,true,,1402,484,13,23,https://api.demoblaze.com/bycat,205,0,0
1785317109315,384,TC - Select Category,200,"Number of samples in transaction : 2, number of failing samples : 0",Scenario - Place Order 4-2,,true,,1851,984,13,23,null,382,8890,0
1785317118698,63,TR - Login-181,200,OK,Scenario - Place Order 4-10,text,true,,619,458,13,23,https://www.demoblaze.com/config.json,62,0,0
1785317118563,229,TR - Login-183,200,OK,Scenario - Login 3-7,text,true,,1569,400,8,23,https://api.demoblaze.com/entries,228,0,0
1785317118699,187,TR - Login-183,200,OK,Scenario - Place Order 4-6,text,true,,1544,400,13,23,https://api.demoblaze.com/entries,186,0,0
1785317118789,177,TR - Login-181,200,OK,Scenario - Place Order 4-9,text,true,,465,458,13,23,https://www.demoblaze.com/config.json,175,0,0
1785317118998,214,TR - Select Category-297,200,OK,Scenario - Place Order 4-3,text,true,,1381,484,13,23,https://api.demoblaze.com/bycat,213,0,0
1785317109885,389,TC - Select Category,200,"Number of samples in transaction : 2, number of failing samples : 0",Scenario - Place Order 4-3,,true,,1830,984,13,23,null,388,8938,0
1785317119160,195,TR - Select Product-300,200,OK,Scenario - Place Order 4-4,text,true,,5418,522,13,23,https://www.demoblaze.com/prod.html?idp_=11,192,0,0
1785317119197,195,TR - Login-165,200,OK,Scenario - Login 3-10,text,true,,603,523,8,23,https://api.demoblaze.com/login,195,0,0
1785317119287,170,TR - Login-164,200,OK,Scenario - Login 3-12,text,true,,449,500,8,23,https://api.demoblaze.com/login,170,0,0
1785317119284,185,TR - Sign Up-128,200,OK,Scenario - Sign Up 2-12,text,true,,449,501,2,23,https://api.demoblaze.com/signup,185,0,0
1785317119481,188,TR - Login-183,200,OK,Scenario - Login 3-5,text,true,,1503,400,8,23,https://api.demoblaze.com/entries,188,0,0
1785317119688,204,TR - Login-166,200,OK,Scenario - Place Order 4-11,text,true,,4976,515,14,26,https://www.demoblaze.com/index.html,198,0,0
1785317119845,240,TR - Open Home Page 1,200,OK,Scenario - Login 3-14,text,true,,17517,515,9,26,https://www.demoblaze.com/index.html,191,0,124
1785317119804,339,TR - Open Home Page 1,200,OK,Scenario - Place Order 4-14,text,true,,5082,515,14,26,https://www.demoblaze.com/index.html,330,0,121
1785317119828,315,TR - Open Home Page 1,200,OK,Scenario - Sign Up 2-14,text,true,,5027,515,3,26,https://www.demoblaze.com/index.html,315,0,125
1785317120085,64,TR - Open Home Page 2,200,OK,Scenario - Login 3-14,text,true,,551,458,9,26,https://www.demoblaze.com/config.json,64,0,0
1785317120144,63,TR - Open Home Page 2,200,OK,Scenario - Sign Up 2-14,text,true,,577,458,3,26,https://www.demoblaze.com/config.json,63,0,0
1785317120143,64,TR - Open Home Page 2,200,OK,Scenario - Place Order 4-14,text,true,,621,458,14,26,https://www.demoblaze.com/config.json,64,0,0
1785317120293,185,TR - Login-182,200,OK,Scenario - Place Order 4-9,text,true,,449,500,14,26,https://api.demoblaze.com/check,185,0,0
1785317120150,368,TR - Open Home Page 3,200,OK,Scenario - Login 3-14,text,true,,1571,400,9,26,https://api.demoblaze.com/entries,368,0,119
1785317119843,672,TC - Open Home Page,200,"Number of samples in transaction : 3, number of failing samples : 0",Scenario - Login 3-14,,true,,19639,1373,9,26,null,623,4,243
1785317120210,312,TR - Open Home Page 3,200,OK,Scenario - Sign Up 2-14,text,true,,1524,400,3,26,https://api.demoblaze.com/entries,311,0,114
1785317119826,691,TC - Open Home Page,200,"Number of samples in transaction : 3, number of failing samples : 0",Scenario - Sign Up 2-14,,true,,7128,1373,3,26,null,689,6,239
1785317120210,336,TR - Open Home Page 3,200,OK,Scenario - Place Order 4-14,text,true,,1516,400,14,26,https://api.demoblaze.com/entries,333,0,123
1785317119801,739,TC - Open Home Page,200,"Number of samples in transaction : 3, number of failing samples : 0",Scenario - Place Order 4-14,,true,,7219,1373,14,26,null,727,6,244
1785317120498,177,TR - Login-164,200,OK,Scenario - Place Order 4-12,text,true,,449,500,14,26,https://api.demoblaze.com/login,177,0,0
1785317120834,195,TR - Login-184,200,OK,Scenario - Place Order 4-6,text,true,,677,471,14,26,https://api.demoblaze.com/check,195,0,0
1785317096831,1354,TC - Login,200,"Number of samples in transaction : 7, number of failing samples : 0",Scenario - Place Order 4-6,,true,,9167,3367,14,26,null,1351,22845,0
1785317120887,186,TR - Login-184,200,OK,Scenario - Login 3-5,text,true,,650,471,9,26,https://api.demoblaze.com/check,186,0,0
1785317093519,1250,TC - Login,200,"Number of samples in transaction : 7, number of failing samples : 0",Scenario - Login 3-5,,true,,9114,3367,9,26,null,1246,26305,0
1785317121152,66,TR - Login-181,200,OK,Scenario - Place Order 4-11,text,true,,564,458,14,25,https://www.demoblaze.com/config.json,66,0,0
1785317121116,176,TR - Login-182,200,OK,Scenario - Login 3-8,text,true,,449,500,8,25,https://api.demoblaze.com/check,176,0,0
1785317121261,194,TR - Login-183,200,OK,Scenario - Login 3-9,text,true,,1586,400,8,25,https://api.demoblaze.com/entries,194,0,0
1785317121274,193,TR - Sign Up-128,200,OK,Scenario - Sign Up 2-13,text,true,,449,501,3,25,https://api.demoblaze.com/signup,193,0,0
1785317121380,175,TR - Login-182,200,OK,Scenario - Place Order 4-8,text,true,,449,500,14,25,https://api.demoblaze.com/check,175,0,0
1785317122154,182,TR - Login-164,200,OK,Scenario - Login 3-13,text,true,,449,500,8,25,https://api.demoblaze.com/login,182,0,0
1785317122336,67,TR - Select Product-314,200,OK,Scenario - Place Order 4-4,text,true,,614,465,14,25,https://www.demoblaze.com/config.json,66,0,0
1785317122314,184,TR - Login-184,200,OK,Scenario - Place Order 4-7,text,true,,553,471,14,25,https://api.demoblaze.com/check,183,0,0
1785317099925,1214,TC - Login,200,"Number of samples in transaction : 7, number of failing samples : 0",Scenario - Place Order 4-7,,true,,8907,3367,14,25,null,1207,21359,0
1785317122352,176,TR - Login-166,200,OK,Scenario - Login 3-11,text,true,,5145,515,8,25,https://www.demoblaze.com/index.html,174,0,0
1785317122453,172,TR - Login-164,200,OK,Scenario - Place Order 4-14,text,true,,449,500,14,25,https://api.demoblaze.com/login,172,0,0
1785317122568,196,TR - Login-183,200,OK,Scenario - Place Order 4-8,text,true,,1593,400,14,25,https://api.demoblaze.com/entries,195,0,0
1785317122625,176,TR - Login-164,200,OK,Scenario - Place Order 4-13,text,true,,449,500,15,26,https://api.demoblaze.com/login,176,0,0
1785317122721,188,TR - Select Category-296,200,OK,Scenario - Place Order 4-5,text,true,,449,500,15,28,https://api.demoblaze.com/bycat,188,0,0
1785317122734,185,TR - Login-184,200,OK,Scenario - Login 3-9,text,true,,474,471,9,28,https://api.demoblaze.com/check,185,0,0
1785317105528,1217,TC - Login,200,"Number of samples in transaction : 7, number of failing samples : 0",Scenario - Login 3-9,,true,,21413,3367,9,28,null,1194,16174,0
1785317122787,188,TR - Open Home Page 1,200,OK,Scenario - Place Order 4-15,text,true,,5236,515,15,27,https://www.demoblaze.com/index.html,187,0,121
1785317122809,175,TR - Login-182,200,OK,Scenario - Place Order 4-11,text,true,,449,500,15,27,https://api.demoblaze.com/check,175,0,0
1785317122846,196,TR - Open Home Page 1,200,OK,Scenario - Login 3-15,text,true,,5084,515,8,27,https://www.demoblaze.com/index.html,193,0,125
1785317122976,66,TR - Open Home Page 2,200,OK,Scenario - Place Order 4-15,text,true,,527,458,15,27,https://www.demoblaze.com/config.json,65,0,0
1785317123042,65,TR - Open Home Page 2,200,OK,Scenario - Login 3-15,text,true,,429,458,8,27,https://www.demoblaze.com/config.json,65,0,0
1785317122827,293,TR - Open Home Page 1,200,OK,Scenario - Sign Up 2-15,text,true,,5215,515,4,27,https://www.demoblaze.com/index.html,291,0,122
1785317123121,63,TR - Open Home Page 2,200,OK,Scenario - Sign Up 2-15,text,true,,472,458,4,27,https://www.demoblaze.com/config.json,63,0,0
1785317123024,189,TR - Login-182,200,OK,Scenario - Place Order 4-10,text,true,,449,500,15,27,https://api.demoblaze.com/check,189,0,0
1785317123043,311,TR - Open Home Page 3,200,OK,Scenario - Place Order 4-15,text,true,,1557,400,15,27,https://api.demoblaze.com/entries,310,0,119
1785317122785,565,TC - Open Home Page,200,"Number of samples in transaction : 3, number of failing samples : 0",Scenario - Place Order 4-15,,true,,7320,1373,15,27,null,562,4,240
1785317123108,315,TR - Open Home Page 3,200,OK,Scenario - Login 3-15,text,true,,1579,400,8,27,https://api.demoblaze.com/entries,315,0,118
1785317122844,576,TC - Open Home Page,200,"Number of samples in transaction : 3, number of failing samples : 0",Scenario - Login 3-15,,true,,7092,1373,8,27,null,573,3,243
1785317123186,318,TR - Open Home Page 3,200,OK,Scenario - Sign Up 2-15,text,true,,1660,400,4,27,https://api.demoblaze.com/entries,318,0,118
1785317122825,674,TC - Open Home Page,200,"Number of samples in transaction : 3, number of failing samples : 0",Scenario - Sign Up 2-15,,true,,7347,1373,4,27,null,672,6,240
1785317123414,191,TR - Select Product-300,200,OK,Scenario - Place Order 4-3,text,true,,5237,522,15,27,https://www.demoblaze.com/prod.html?idp_=11,190,0,0
1785317123613,197,TR - Login-165,200,OK,Scenario - Place Order 4-12,text,true,,660,523,15,27,https://api.demoblaze.com/login,195,0,0
1785317123673,179,TR - Login-166,200,OK,Scenario - Login 3-10,text,true,,4786,515,8,27,https://www.demoblaze.com/index.html,176,0,0
1785317123871,172,TR - Select Category-296,200,OK,Scenario - Place Order 4-1,text,true,,449,500,15,27,https://api.demoblaze.com/bycat,172,0,0
1785317123916,170,TR - Login-164,200,OK,Scenario - Login 3-14,text,true,,449,500,8,27,https://api.demoblaze.com/login,170,0,0
1785317123953,183,TR - Select Category-296,200,OK,Scenario - Place Order 4-6,text,true,,449,500,15,27,https://api.demoblaze.com/bycat,183,0,0
1785317124099,197,TR - Login-184,200,OK,Scenario - Login 3-7,text,true,,559,471,8,27,https://api.demoblaze.com/check,197,0,0
1785317099652,1134,TC - Login,200,"Number of samples in transaction : 7, number of failing samples : 0",Scenario - Login 3-7,,true,,21660,3367,8,27,null,1111,23510,0
1785317124150,186,TR - Login-165,200,OK,Scenario - Place Order 4-14,text,true,,538,523,15,26,https://api.demoblaze.com/login,186,0,0
1785317124192,205,TR - Login-183,200,OK,Scenario - Place Order 4-9,text,true,,1524,400,15,26,https://api.demoblaze.com/entries,205,0,0
1785317124342,183,TR - Login-165,200,OK,Scenario - Place Order 4-13,text,true,,534,523,15,26,https://api.demoblaze.com/login,183,0,0
1785317124367,183,TR - Sign Up-129,200,OK,Scenario - Sign Up 2-12,text,true,,545,524,4,26,https://api.demoblaze.com/signup,183,0,0
1785317114417,368,TC - Sign Up,200,"Number of samples in transaction : 2, number of failing samples : 0",Scenario - Sign Up 2-12,,true,,994,1025,4,26,null,368,9765,0
1785317124531,72,TR - Select Product-300,200,OK,Scenario - Place Order 4-2,text,true,,5537,522,15,25,https://www.demoblaze.com/prod.html?idp_=11,68,0,0
1785317124505,201,TR - Login-183,200,OK,Scenario - Place Order 4-11,text,true,,1440,400,15,25,https://api.demoblaze.com/entries,201,0,0
1785317124827,218,TR - Select Category-297,200,OK,Scenario - Place Order 4-5,text,true,,1521,484,15,25,https://api.demoblaze.com/bycat,216,0,0
1785317117415,406,TC - Select Category,200,"Number of samples in transaction : 2, number of failing samples : 0",Scenario - Place Order 4-5,,true,,1970,984,15,25,null,404,7224,0
1785317125422,192,TR - Login-183,200,OK,Scenario - Place Order 4-10,text,true,,1484,400,15,25,https://api.demoblaze.com/entries,191,0,0
1785317125432,196,TR - Login-165,200,OK,Scenario - Login 3-12,text,true,,625,523,7,25,https://api.demoblaze.com/login,196,0,0
1785317125417,217,TR - Login-183,200,OK,Scenario - Login 3-8,text,true,,1449,400,7,25,https://api.demoblaze.com/entries,216,0,0
1785317125741,70,TR - Login-166,200,OK,Scenario - Place Order 4-13,text,true,,5023,515,15,25,https://www.demoblaze.com/index.html,67,0,0
1785317125850,331,TR - Open Home Page 1,200,OK,Scenario - Login 3-16,text,true,,5027,515,8,26,https://www.demoblaze.com/index.html,330,0,122
1785317126005,184,TR - Select Category-296,200,OK,Scenario - Place Order 4-7,text,true,,453,500,15,26,https://api.demoblaze.com/bycat,183,0,0
1785317126182,210,TR - Open Home Page 2,200,OK,Scenario - Login 3-16,text,true,,532,458,8,26,https://www.demoblaze.com/config.json,209,0,0
1785317126449,195,TR - Login-184,200,OK,Scenario - Place Order 4-8,text,true,,540,471,15,26,https://api.demoblaze.com/check,195,0,0
1785317102565,1238,TC - Login,200,"Number of samples in transaction : 7, number of failing samples : 0",Scenario - Place Order 4-8,,true,,8833,3367,15,26,null,1232,22841,0
1785317126483,188,TR - Sign Up-128,200,OK,Scenario - Sign Up 2-14,text,true,,449,501,3,26,https://api.demoblaze.com/signup,188,0,0
1785317126393,333,TR - Open Home Page 3,200,OK,Scenario - Login 3-16,text,true,,1671,400,8,26,https://api.demoblaze.com/entries,332,0,123
1785317125848,874,TC - Open Home Page,200,"Number of samples in transaction : 3, number of failing samples : 0",Scenario - Login 3-16,,true,,7230,1373,8,26,null,871,4,245
1785317126564,187,TR - Select Product-316,200,OK,Scenario - Place Order 4-4,text,true,,449,500,15,26,https://api.demoblaze.com/check,187,0,0
1785317126880,205,TR - Sign Up-129,200,OK,Scenario - Sign Up 2-13,text,true,,302,524,3,26,https://api.demoblaze.com/signup,205,0,0
1785317117586,398,TC - Sign Up,200,"Number of samples in transaction : 2, number of failing samples : 0",Scenario - Sign Up 2-13,,true,,751,1025,3,26,null,398,9101,0
1785317127253,187,TR - Login-165,200,OK,Scenario - Login 3-13,text,true,,603,523,8,25,https://api.demoblaze.com/login,186,0,0
1785317127313,202,TR - Login-184,200,OK,Scenario - Place Order 4-9,text,true,,500,471,15,25,https://api.demoblaze.com/check,202,0,0
1785317105490,1329,TC - Login,200,"Number of samples in transaction : 7, number of failing samples : 0",Scenario - Place Order 4-9,,true,,21479,3367,15,25,null,1309,20696,0
1785317127549,179,TR - Login-165,200,OK,Scenario - Login 3-14,text,true,,494,523,8,25,https://api.demoblaze.com/login,179,0,0
1785317127866,173,TR - Sign Up-128,200,OK,Scenario - Sign Up 2-15,text,true,,449,501,2,25,https://api.demoblaze.com/signup,173,0,0
1785317128070,71,TR - Login-166,200,OK,Scenario - Place Order 4-12,text,true,,4956,515,15,25,https://www.demoblaze.com/index.html,68,0,0
1785317127985,192,TR - Login-164,200,OK,Scenario - Login 3-15,text,true,,449,500,8,25,https://api.demoblaze.com/login,192,0,0
1785317128298,67,TR - Login-181,200,OK,Scenario - Login 3-11,text,true,,671,458,8,25,https://www.demoblaze.com/config.json,66,0,0
1785317128319,200,TR - Select Category-297,200,OK,Scenario - Place Order 4-6,text,true,,1389,484,15,25,https://api.demoblaze.com/bycat,200,0,0
1785317121030,383,TC - Select Category,200,"Number of samples in transaction : 2, number of failing samples : 0",Scenario - Place Order 4-6,,true,,1838,984,15,25,null,383,7107,0
1785317128646,68,TR - Login-166,200,OK,Scenario - Login 3-13,text,true,,4964,515,8,25,https://www.demoblaze.com/index.html,65,0,0
1785317128532,202,TR - Select Category-297,200,OK,Scenario - Place Order 4-7,text,true,,1462,484,15,25,https://api.demoblaze.com/bycat,202,0,0
1785317122498,386,TC - Select Category,200,"Number of samples in transaction : 2, number of failing samples : 0",Scenario - Place Order 4-7,,true,,1915,984,15,25,null,385,5851,0
1785317128751,197,TR - Select Product-314,200,OK,Scenario - Place Order 4-2,text,true,,595,465,15,26,https://www.demoblaze.com/config.json,193,0,0
1785317128769,192,TR - Login-164,200,OK,Scenario - Login 3-16,text,true,,449,500,9,26,https://api.demoblaze.com/login,192,0,0
1785317128898,71,TR - Login-166,200,OK,Scenario - Login 3-12,text,true,,4886,515,9,26,https://www.demoblaze.com/index.html,66,0,0
1785317128817,176,TR - Select Product-314,200,OK,Scenario - Place Order 4-3,text,true,,616,465,15,26,https://www.demoblaze.com/config.json,175,0,0
1785317128812,202,TR - Select Category-297,200,OK,Scenario - Place Order 4-1,text,true,,1369,484,15,26,https://api.demoblaze.com/bycat,201,0,0
1785317118247,374,TC - Select Category,200,"Number of samples in transaction : 2, number of failing samples : 0",Scenario - Place Order 4-1,,true,,1818,984,15,26,null,373,10393,0
1785317128844,187,TR - Open Home Page 1,200,OK,Scenario - Login 3-17,text,true,,5005,515,9,26,https://www.demoblaze.com/index.html,186,0,118
1785317128995,187,TR - Login-164,200,OK,Scenario - Place Order 4-15,text,true,,449,500,15,26,https://api.demoblaze.com/login,187,0,0
1785317128997,186,TR - Sign Up-129,200,OK,Scenario - Sign Up 2-14,text,true,,689,524,2,26,https://api.demoblaze.com/signup,186,0,0
1785317120523,374,TC - Sign Up,200,"Number of samples in transaction : 2, number of failing samples : 0",Scenario - Sign Up 2-14,,true,,1138,1025,2,26,null,374,8286,0
1785317129031,183,TR - Open Home Page 2,200,OK,Scenario - Login 3-17,text,true,,540,458,9,25,https://www.demoblaze.com/config.json,183,0,0
1785317129294,73,TR - Login-166,200,OK,Scenario - Place Order 4-14,text,true,,5030,515,15,25,https://www.demoblaze.com/index.html,66,0,0
1785317129335,67,TR - Login-181,200,OK,Scenario - Login 3-10,text,true,,639,458,9,25,https://www.demoblaze.com/config.json,67,0,0
1785317129216,327,TR - Open Home Page 3,200,OK,Scenario - Login 3-17,text,true,,1661,400,9,25,https://api.demoblaze.com/entries,323,0,119
1785317128842,697,TC - Open Home Page,200,"Number of samples in transaction : 3, number of failing samples : 0",Scenario - Login 3-17,,true,,7206,1373,9,25,null,692,4,237
1785317129605,190,TR - Login-181,200,OK,Scenario - Place Order 4-12,text,true,,508,458,15,25,https://www.demoblaze.com/config.json,190,0,0
1785317129655,190,TR - Login-184,200,OK,Scenario - Place Order 4-10,text,true,,505,471,15,25,https://api.demoblaze.com/check,190,0,0
1785317108447,1086,TC - Login,200,"Number of samples in transaction : 7, number of failing samples : 0",Scenario - Place Order 4-10,,true,,21608,3367,15,25,null,1070,20313,0
1785317130132,186,TR - Select Category-296,200,OK,Scenario - Place Order 4-9,text,true,,449,500,15,25,https://api.demoblaze.com/bycat,185,0,0
1785317130598,215,TR - Login-184,200,OK,Scenario - Place Order 4-11,text,true,,650,471,15,25,https://api.demoblaze.com/check,215,0,0
1785317130612,201,TR - Login-165,200,OK,Scenario - Place Order 4-15,text,true,,431,523,15,25,https://api.demoblaze.com/login,201,0,0
1785317111705,1238,TC - Login,200,"Number of samples in transaction : 7, number of failing samples : 0",Scenario - Place Order 4-11,,true,,9040,3367,15,25,null,1232,17870,0
1785317130769,172,TR - Login-182,200,OK,Scenario - Login 3-11,text,true,,449,500,9,25,https://api.demoblaze.com/check,172,0,0
1785317130892,195,TR - Select Product-300,200,OK,Scenario - Place Order 4-5,text,true,,5537,522,15,25,https://www.demoblaze.com/prod.html?idp_=11,189,0,0
1785317131034,199,TR - Select Category-296,200,OK,Scenario - Place Order 4-8,text,true,,449,500,15,25,https://api.demoblaze.com/bycat,199,0,0
1785317131314,66,TR - Login-181,200,OK,Scenario - Login 3-13,text,true,,557,458,9,25,https://www.demoblaze.com/config.json,66,0,0
1785317131448,64,TR - Login-181,200,OK,Scenario - Place Order 4-13,text,true,,480,458,15,25,https://www.demoblaze.com/config.json,64,0,0
1785317131517,178,TR - Select Product-316,200,OK,Scenario - Place Order 4-3,text,true,,449,500,15,25,https://api.demoblaze.com/check,178,0,0
1785317131587,186,TR - Login-184,200,OK,Scenario - Login 3-8,text,true,,452,471,9,25,https://api.demoblaze.com/check,186,0,0
1785317102444,1335,TC - Login,200,"Number of samples in transaction : 7, number of failing samples : 0",Scenario - Login 3-8,,true,,8795,3367,9,25,null,1327,27994,0
1785317131701,183,TR - Login-164,200,OK,Scenario - Login 3-17,text,true,,449,500,9,25,https://api.demoblaze.com/login,183,0,0
1785317131858,63,TR - Login-181,200,OK,Scenario - Place Order 4-14,text,true,,646,458,15,25,https://www.demoblaze.com/config.json,63,0,0
1785317131840,222,TR - Open Home Page 1,200,OK,Scenario - Login 3-18,text,true,,5097,515,9,25,https://www.demoblaze.com/index.html,191,0,122
1785317132062,73,TR - Open Home Page 2,200,OK,Scenario - Login 3-18,text,true,,494,458,9,25,https://www.demoblaze.com/config.json,73,0,0
1785317131942,215,TR - Select Product-300,200,OK,Scenario - Place Order 4-1,text,true,,5681,522,15,25,https://www.demoblaze.com/prod.html?idp_=11,207,0,0
1785317132003,176,TR - Select Product-316,200,OK,Scenario - Place Order 4-2,text,true,,449,500,15,25,https://api.demoblaze.com/check,176,0,0
1785317132257,172,TR - Select Category-296,200,OK,Scenario - Place Order 4-11,text,true,,449,500,15,25,https://api.demoblaze.com/bycat,172,0,0
1785317132137,310,TR - Open Home Page 3,200,OK,Scenario - Login 3-18,text,true,,1435,400,9,25,https://api.demoblaze.com/entries,309,0,118
1785317131839,605,TC - Open Home Page,200,"Number of samples in transaction : 3, number of failing samples : 0",Scenario - Login 3-18,,true,,7026,1373,9,25,null,573,3,240
1785317132332,174,TR - Login-182,200,OK,Scenario - Place Order 4-12,text,true,,449,500,15,25,https://api.demoblaze.com/check,174,0,0
1785317132502,74,TR - Select Product-300,200,OK,Scenario - Place Order 4-7,text,true,,5506,522,15,25,https://www.demoblaze.com/prod.html?idp_=11,67,0,0
1785317132380,199,TR - Login-165,200,OK,Scenario - Login 3-16,text,true,,427,523,9,25,https://api.demoblaze.com/login,199,0,0
1785317132489,186,TR - Sign Up-129,200,OK,Scenario - Sign Up 2-15,text,true,,661,524,1,25,https://api.demoblaze.com/signup,185,0,0
1785317123505,359,TC - Sign Up,200,"Number of samples in transaction : 2, number of failing samples : 0",Scenario - Sign Up 2-15,,true,,1110,1025,1,25,null,358,8811,0
1785317132595,173,TR - Login-182,200,OK,Scenario - Login 3-10,text,true,,449,500,9,24,https://api.demoblaze.com/check,173,0,0
1785317132710,188,TR - Select Product-317,200,OK,Scenario - Place Order 4-4,text,true,,449,499,15,24,https://api.demoblaze.com/view,188,0,0
1785317132792,184,TR - Select Product-317,200,OK,Scenario - Place Order 4-3,text,true,,449,499,15,24,https://api.demoblaze.com/view,184,0,0
1785317133137,198,TR - Select Category-297,200,OK,Scenario - Place Order 4-9,text,true,,1595,484,15,24,https://api.demoblaze.com/bycat,198,0,0
1785317127515,384,TC - Select Category,200,"Number of samples in transaction : 2, number of failing samples : 0",Scenario - Place Order 4-9,,true,,2044,984,15,24,null,383,5437,0
1785317133305,175,TR - Login-182,200,OK,Scenario - Place Order 4-14,text,true,,449,500,15,24,https://api.demoblaze.com/check,175,0,0
1785317133447,187,TR - Login-166,200,OK,Scenario - Login 3-14,text,true,,5025,515,9,24,https://www.demoblaze.com/index.html,182,0,0
1785317133920,200,TR - Login-165,200,OK,Scenario - Login 3-15,text,true,,632,523,9,24,https://api.demoblaze.com/login,200,0,0
1785317134096,185,TR - Select Product-320,200,OK,Scenario - Place Order 4-4,text,true,,497,471,15,24,https://api.demoblaze.com/check,185,0,0
1785317134111,187,TR - Login-166,200,OK,Scenario - Place Order 4-15,text,true,,5047,515,15,24,https://www.demoblaze.com/index.html,185,0,0
1785317134511,70,TR - Select Product-300,200,OK,Scenario - Place Order 4-6,text,true,,5474,522,15,24,https://www.demoblaze.com/prod.html?idp_=11,68,0,0
1785317134427,189,TR - Select Category-297,200,OK,Scenario - Place Order 4-8,text,true,,1418,484,15,24,https://api.demoblaze.com/bycat,189,0,0
1785317126644,388,TC - Select Category,200,"Number of samples in transaction : 2, number of failing samples : 0",Scenario - Place Order 4-8,,true,,1867,984,15,24,null,388,7584,0
1785317134508,183,TR - Select Category-296,200,OK,Scenario - Place Order 4-10,text,true,,449,500,15,24,https://api.demoblaze.com/bycat,183,0,0
1785317134744,193,TR - Select Product-320,200,OK,Scenario - Place Order 4-3,text,true,,527,471,15,25,https://api.demoblaze.com/check,193,0,0
1785317134811,188,TR - Login-182,200,OK,Scenario - Place Order 4-13,text,true,,449,500,15,25,https://api.demoblaze.com/check,188,0,0
1785317134895,171,TR - Login-181,200,OK,Scenario - Login 3-12,text,true,,648,458,10,25,https://www.demoblaze.com/config.json,171,0,0
1785317134839,309,TR - Open Home Page 1,200,OK,Scenario - Login 3-19,text,true,,4850,515,10,25,https://www.demoblaze.com/index.html,306,0,126
1785317135148,63,TR - Open Home Page 2,200,OK,Scenario - Login 3-19,text,true,,459,458,10,25,https://www.demoblaze.com/config.json,62,0,0
1785317135217,172,TR - Login-164,200,OK,Scenario - Login 3-18,text,true,,449,500,10,25,https://api.demoblaze.com/login,172,0,0
1785317135300,205,TR - Login-165,200,OK,Scenario - Login 3-17,text,true,,502,523,10,25,https://api.demoblaze.com/login,205,0,0
1785317135211,325,TR - Open Home Page 3,200,OK,Scenario - Login 3-19,text,true,,1624,400,10,25,https://api.demoblaze.com/entries,325,0,121
1785317134837,697,TC - Open Home Page,200,"Number of samples in transaction : 3, number of failing samples : 0",Scenario - Login 3-19,,true,,6933,1373,10,25,null,693,2,247
1785317135874,74,TR - Select Product-300,200,OK,Scenario - Place Order 4-8,text,true,,5284,522,15,25,https://www.demoblaze.com/prod.html?idp_=11,66,0,0
1785317135975,186,TR - Select Category-297,200,OK,Scenario - Place Order 4-10,text,true,,1402,484,15,25,https://api.demoblaze.com/bycat,186,0,0
1785317129846,369,TC - Select Category,200,"Number of samples in transaction : 2, number of failing samples : 0",Scenario - Place Order 4-10,,true,,1851,984,15,25,null,369,5947,0
1785317135989,210,TR - Login-183,200,OK,Scenario - Login 3-11,text,true,,1634,400,10,25,https://api.demoblaze.com/entries,210,0,0
1785317136088,174,TR - Select Product-314,200,OK,Scenario - Place Order 4-7,text,true,,469,465,15,25,https://www.demoblaze.com/config.json,174,0,0
1785317136056,207,TR - Login-183,200,OK,Scenario - Place Order 4-14,text,true,,1496,400,15,25,https://api.demoblaze.com/entries,207,0,0
1785317136234,190,TR - Login-182,200,OK,Scenario - Login 3-13,text,true,,449,500,10,25,https://api.demoblaze.com/check,190,0,0
1785317136439,69,TR - Select Product-314,200,OK,Scenario - Place Order 4-5,text,true,,656,465,15,25,https://www.demoblaze.com/config.json,68,0,0
1785317136573,206,TR - Login-183,200,OK,Scenario - Login 3-10,text,true,,1621,400,10,25,https://api.demoblaze.com/entries,205,0,0
1785317136607,175,TR - Login-182,200,OK,Scenario - Login 3-12,text,true,,449,500,10,25,https://api.demoblaze.com/check,175,0,0
1785317136610,189,TR - Select Product-319,200,OK,Scenario - Place Order 4-3,text,true,,823,461,15,25,https://api.demoblaze.com/view,188,0,0
1785317119212,1111,TC - Select Product,200,"Number of samples in transaction : 6, number of failing samples : 0",Scenario - Place Order 4-3,,true,,8101,2918,15,25,null,1108,16476,0
1785317136871,64,TR - Select Product-314,200,OK,Scenario - Place Order 4-1,text,true,,599,465,15,25,https://www.demoblaze.com/config.json,64,0,0
1785317136957,172,TR - Select Product-314,200,OK,Scenario - Place Order 4-6,text,true,,542,465,15,25,https://www.demoblaze.com/config.json,171,0,0
1785317137053,185,TR - Select Product-317,200,OK,Scenario - Place Order 4-2,text,true,,449,499,15,25,https://api.demoblaze.com/view,185,0,0
1785317137112,190,TR - Select Category-297,200,OK,Scenario - Place Order 4-11,text,true,,1516,484,15,25,https://api.demoblaze.com/bycat,189,0,0
1785317130813,362,TC - Select Category,200,"Number of samples in transaction : 2, number of failing samples : 0",Scenario - Place Order 4-11,,true,,1965,984,15,25,null,361,6127,0
1785317137339,71,TR - Login-166,200,OK,Scenario - Login 3-15,text,true,,5073,515,10,25,https://www.demoblaze.com/index.html,67,0,0
1785317137442,182,TR - Select Product-314,200,OK,Scenario - Place Order 4-8,text,true,,449,465,15,25,https://www.demoblaze.com/config.json,181,0,0
1785317137468,185,TR - Login-166,200,OK,Scenario - Login 3-16,text,true,,4944,515,10,25,https://www.demoblaze.com/index.html,181,0,0
1785317137488,208,TR - Login-184,200,OK,Scenario - Place Order 4-14,text,true,,499,471,15,25,https://api.demoblaze.com/check,208,0,0
1785317120546,1084,TC - Login,200,"Number of samples in transaction : 7, number of failing samples : 0",Scenario - Place Order 4-14,,true,,9107,3367,15,25,null,1077,16067,0
1785317137520,189,TR - Login-164,200,OK,Scenario - Login 3-19,text,true,,449,500,10,25,https://api.demoblaze.com/login,189,0,0
1785317137845,325,TR - Open Home Page 1,200,OK,Scenario - Login 3-20,text,true,,5060,515,11,26,https://www.demoblaze.com/index.html,323,0,130
1785317138117,181,TR - Login-181,200,OK,Scenario - Login 3-14,text,true,,438,458,11,26,https://www.demoblaze.com/config.json,181,0,0
1785317138128,183,TR - Login-184,200,OK,Scenario - Login 3-11,text,true,,494,471,11,26,https://api.demoblaze.com/check,182,0,0
1785317111565,1192,TC - Login,200,"Number of samples in transaction : 7, number of failing samples : 0",Scenario - Login 3-11,,true,,9329,3367,11,26,null,1187,25554,0
1785317138170,179,TR - Open Home Page 2,200,OK,Scenario - Login 3-20,text,true,,597,458,10,25,https://www.demoblaze.com/config.json,179,0,0
1785317138398,212,TR - Login-183,200,OK,Scenario - Place Order 4-12,text,true,,1651,400,15,25,https://api.demoblaze.com/entries,212,0,0
1785317138459,184,TR - Select Product-319,200,OK,Scenario - Place Order 4-4,text,true,,664,461,15,25,https://api.demoblaze.com/view,183,0,0
1785317118019,1006,TC - Select Product,200,"Number of samples in transaction : 6, number of failing samples : 0",Scenario - Place Order 4-4,,true,,8091,2918,15,25,null,1001,19618,0
1785317138351,345,TR - Open Home Page 3,200,OK,Scenario - Login 3-20,text,true,,1545,400,10,25,https://api.demoblaze.com/entries,345,0,126
1785317137844,849,TC - Open Home Page,200,"Number of samples in transaction : 3, number of failing samples : 0",Scenario - Login 3-20,,true,,7202,1373,10,25,null,847,3,256
1785317138530,195,TR - Login-166,200,OK,Scenario - Login 3-17,text,true,,5078,515,10,25,https://www.demoblaze.com/index.html,191,0,0
1785317138740,187,TR - Select Product-300,200,OK,Scenario - Place Order 4-9,text,true,,5296,522,15,25,https://www.demoblaze.com/prod.html?idp_=11,185,0,0
1785317138760,170,TR - Login-181,200,OK,Scenario - Place Order 4-15,text,true,,468,458,15,25,https://www.demoblaze.com/config.json,170,0,0
1785317138796,189,TR - Select Product-316,200,OK,Scenario - Place Order 4-6,text,true,,449,500,15,25,https://api.demoblaze.com/check,189,0,0
1785317138925,217,TR - Select Product-300,200,OK,Scenario - Place Order 4-11,text,true,,5410,522,15,25,https://www.demoblaze.com/prod.html?idp_=11,211,0,0
1785317139124,194,TR - Select Product-320,200,OK,Scenario - Place Order 4-2,text,true,,697,471,15,25,https://api.demoblaze.com/check,194,0,0
1785317139163,187,TR - Login-165,200,OK,Scenario - Login 3-19,text,true,,438,523,10,25,https://api.demoblaze.com/login,187,0,0
1785317139805,203,TR - Login-184,200,OK,Scenario - Place Order 4-12,text,true,,688,471,15,25,https://api.demoblaze.com/check,203,0,0
1785317115209,1224,TC - Login,200,"Number of samples in transaction : 7, number of failing samples : 0",Scenario - Place Order 4-12,,true,,9361,3367,15,25,null,1219,23575,0
1785317139970,184,TR - Login-164,200,OK,Scenario - Login 3-20,text,true,,449,500,10,25,https://api.demoblaze.com/login,184,0,0
1785317139963,211,TR - Login-183,200,OK,Scenario - Login 3-12,text,true,,1639,400,10,25,https://api.demoblaze.com/entries,211,0,0
1785317140345,64,TR - Select Product-314,200,OK,Scenario - Place Order 4-11,text,true,,514,465,15,25,https://www.demoblaze.com/config.json,63,0,0
1785317140246,201,TR - Login-183,200,OK,Scenario - Login 3-13,text,true,,1656,400,10,25,https://api.demoblaze.com/entries,200,0,0
1785317140300,173,TR - Login-182,200,OK,Scenario - Login 3-14,text,true,,449,500,10,25,https://api.demoblaze.com/check,173,0,0
1785317140619,195,TR - Select Category-296,200,OK,Scenario - Place Order 4-4,text,true,,449,500,15,25,https://api.demoblaze.com/bycat,195,0,0
1785317140639,175,TR - Select Product-317,200,OK,Scenario - Place Order 4-6,text,true,,449,499,15,25,https://api.demoblaze.com/view,175,0,0
1785317140722,197,TR - Login-183,200,OK,Scenario - Place Order 4-13,text,true,,1586,400,15,26,https://api.demoblaze.com/entries,195,0,0
1785317140803,190,TR - Login-166,200,OK,Scenario - Login 3-19,text,true,,4995,515,11,26,https://www.demoblaze.com/index.html,186,0,0
1785317140835,192,TR - Open Home Page 1,200,OK,Scenario - Login 3-21,text,true,,4967,515,11,26,https://www.demoblaze.com/index.html,190,0,122
1785317141028,61,TR - Open Home Page 2,200,OK,Scenario - Login 3-21,text,true,,608,458,11,26,https://www.demoblaze.com/config.json,61,0,0
1785317141045,173,TR - Select Category-296,200,OK,Scenario - Place Order 4-14,text,true,,449,500,15,26,https://api.demoblaze.com/bycat,173,0,0
1785317141120,184,TR - Select Product-316,200,OK,Scenario - Place Order 4-8,text,true,,449,500,15,26,https://api.demoblaze.com/check,184,0,0
1785317141163,183,TR - Select Category-296,200,OK,Scenario - Place Order 4-3,text,true,,449,500,15,26,https://api.demoblaze.com/bycat,183,0,0
1785317141090,313,TR - Open Home Page 3,200,OK,Scenario - Login 3-21,text,true,,1572,400,11,26,https://api.demoblaze.com/entries,312,0,121
1785317140835,566,TC - Open Home Page,200,"Number of samples in transaction : 3, number of failing samples : 0",Scenario - Login 3-21,,true,,7147,1373,11,26,null,563,2,243
1785317141319,206,TR - Login-165,200,OK,Scenario - Login 3-18,text,true,,536,523,11,26,https://api.demoblaze.com/login,206,0,0
1785317141588,192,TR - Select Product-316,200,OK,Scenario - Place Order 4-7,text,true,,449,500,15,26,https://api.demoblaze.com/check,192,0,0
1785317141929,186,TR - Select Product-300,200,OK,Scenario - Place Order 4-10,text,true,,5459,522,15,26,https://www.demoblaze.com/prod.html?idp_=11,183,0,0
1785317142069,173,TR - Select Product-316,200,OK,Scenario - Place Order 4-1,text,true,,449,500,15,26,https://api.demoblaze.com/check,173,0,0
1785317142318,191,TR - Select Product-316,200,OK,Scenario - Place Order 4-5,text,true,,449,500,15,26,https://api.demoblaze.com/check,191,0,0
1785317142765,196,TR - Login-184,200,OK,Scenario - Login 3-10,text,true,,641,471,11,26,https://api.demoblaze.com/check,196,0,0
1785317108470,1192,TC - Login,200,"Number of samples in transaction : 7, number of failing samples : 0",Scenario - Login 3-10,,true,,9188,3367,11,26,null,1188,33299,0
1785317142871,173,TR - Select Category-296,200,OK,Scenario - Place Order 4-12,text,true,,449,500,15,25,https://api.demoblaze.com/bycat,173,0,0
1785317143275,65,TR - Login-181,200,OK,Scenario - Login 3-16,text,true,,577,458,10,25,https://www.demoblaze.com/config.json,65,0,0
1785317143281,69,TR - Login-181,200,OK,Scenario - Login 3-15,text,true,,566,458,10,25,https://www.demoblaze.com/config.json,69,0,0
1785317143309,183,TR - Login-184,200,OK,Scenario - Place Order 4-13,text,true,,659,471,15,25,https://api.demoblaze.com/check,182,0,0
1785317117451,1061,TC - Login,200,"Number of samples in transaction : 7, number of failing samples : 0",Scenario - Place Order 4-13,,true,,9180,3367,15,25,null,1055,24981,0
1785317143399,191,TR - Login-165,200,OK,Scenario - Login 3-20,text,true,,610,523,10,25,https://api.demoblaze.com/login,190,0,0
1785317143411,322,TR - Select Product-317,200,OK,Scenario - Place Order 4-1,text,true,,449,499,15,25,https://api.demoblaze.com/view,322,0,129
1785317143757,198,TR - Select Category-297,200,OK,Scenario - Place Order 4-3,text,true,,1385,484,15,26,https://api.demoblaze.com/bycat,198,0,0
1785317136799,381,TC - Select Category,200,"Number of samples in transaction : 2, number of failing samples : 0",Scenario - Place Order 4-3,,true,,1834,984,15,26,null,381,6776,0
1785317143825,187,TR - Login-183,200,OK,Scenario - Login 3-14,text,true,,1470,400,11,26,https://api.demoblaze.com/entries,187,0,0
1785317143848,174,TR - Select Product-314,200,OK,Scenario - Place Order 4-10,text,true,,552,465,15,26,https://www.demoblaze.com/config.json,174,0,0
1785317143835,324,TR - Open Home Page 1,200,OK,Scenario - Login 3-22,text,true,,5138,515,11,26,https://www.demoblaze.com/index.html,321,0,128
1785317144019,210,TR - Select Product-320,200,OK,Scenario - Place Order 4-6,text,true,,575,471,15,26,https://api.demoblaze.com/check,210,0,0
1785317144161,75,TR - Open Home Page 2,200,OK,Scenario - Login 3-22,text,true,,436,458,11,26,https://www.demoblaze.com/config.json,75,0,0
1785317144229,65,TR - Login-181,200,OK,Scenario - Login 3-17,text,true,,639,458,11,26,https://www.demoblaze.com/config.json,64,0,0
1785317144158,175,TR - Login-182,200,OK,Scenario - Place Order 4-15,text,true,,449,500,15,26,https://api.demoblaze.com/check,175,0,0
1785317144344,183,TR - Select Product-314,200,OK,Scenario - Place Order 4-9,text,true,,445,465,15,26,https://www.demoblaze.com/config.json,182,0,0
1785317144237,313,TR - Open Home Page 3,200,OK,Scenario - Login 3-22,text,true,,1666,400,11,26,https://api.demoblaze.com/entries,312,0,123
1785317143833,712,TC - Open Home Page,200,"Number of samples in transaction : 3, number of failing samples : 0",Scenario - Login 3-22,,true,,7240,1373,11,26,null,708,5,251
1785317144558,200,TR - Login-184,200,OK,Scenario - Login 3-12,text,true,,593,471,11,26,https://api.demoblaze.com/check,194,0,0
1785317114442,1194,TC - Login,200,"Number of samples in transaction : 7, number of failing samples : 0",Scenario - Login 3-12,,true,,9289,3367,11,26,null,1183,29122,0
1785317144455,315,TR - Select Product-319,200,OK,Scenario - Place Order 4-2,text,true,,831,461,15,25,https://api.demoblaze.com/view,315,0,123
1785317118589,1139,TC - Select Product,200,"Number of samples in transaction : 6, number of failing samples : 0",Scenario - Place Order 4-2,,true,,8558,2918,15,25,null,1131,25042,123
1785317144661,178,TR - Login-166,200,OK,Scenario - Login 3-20,text,true,,5143,515,10,25,https://www.demoblaze.com/index.html,174,0,0
1785317144680,173,TR - Select Product-317,200,OK,Scenario - Place Order 4-7,text,true,,449,499,15,25,https://api.demoblaze.com/view,173,0,0
1785317145024,209,TR - Select Category-297,200,OK,Scenario - Place Order 4-4,text,true,,1430,484,15,25,https://api.demoblaze.com/bycat,209,0,0
1785317138643,404,TC - Select Category,200,"Number of samples in transaction : 2, number of failing samples : 0",Scenario - Place Order 4-4,,true,,1879,984,15,25,null,404,6186,0
1785317145439,188,TR - Select Product-316,200,OK,Scenario - Place Order 4-11,text,true,,449,500,15,25,https://api.demoblaze.com/check,188,0,0
1785317145634,214,TR - Login-184,200,OK,Scenario - Login 3-13,text,true,,552,471,10,25,https://api.demoblaze.com/check,213,0,0
1785317117605,1108,TC - Login,200,"Number of samples in transaction : 7, number of failing samples : 0",Scenario - Login 3-13,,true,,9230,3367,10,25,null,1102,27136,0
1785317145938,187,TR - Select Product-317,200,OK,Scenario - Place Order 4-8,text,true,,449,499,15,24,https://api.demoblaze.com/view,187,0,0
1785317146135,204,TR - Select Category-297,200,OK,Scenario - Place Order 4-12,text,true,,1605,484,15,24,https://api.demoblaze.com/bycat,203,0,0
1785317140009,377,TC - Select Category,200,"Number of samples in transaction : 2, number of failing samples : 0",Scenario - Place Order 4-12,,true,,2054,984,15,24,null,376,5953,0
1785317146165,192,TR - Login-181,200,OK,Scenario - Login 3-19,text,true,,636,458,9,24,https://www.demoblaze.com/config.json,192,0,0
1785317146606,64,TR - Login-181,200,OK,Scenario - Login 3-20,text,true,,589,458,9,24,https://www.demoblaze.com/config.json,63,0,0
1785317146489,219,TR - Select Category-297,200,OK,Scenario - Place Order 4-14,text,true,,1548,484,15,24,https://api.demoblaze.com/bycat,218,0,0
1785317137697,392,TC - Select Category,200,"Number of samples in transaction : 2, number of failing samples : 0",Scenario - Place Order 4-14,,true,,1997,984,15,24,null,391,8619,0
1785317146624,170,TR - Login-164,200,OK,Scenario - Login 3-22,text,true,,449,500,9,24,https://api.demoblaze.com/login,170,0,0
1785317146725,71,TR - Login-166,200,OK,Scenario - Login 3-18,text,true,,5063,515,9,24,https://www.demoblaze.com/index.html,66,0,0
1785317146744,171,TR - Select Category-296,200,OK,Scenario - Place Order 4-13,text,true,,449,500,15,25,https://api.demoblaze.com/bycat,171,0,0
1785317146761,189,TR - Select Product-300,200,OK,Scenario - Place Order 4-3,text,true,,5540,522,15,25,https://www.demoblaze.com/prod.html?idp_=11,184,0,0
1785317146811,192,TR - Login-182,200,OK,Scenario - Login 3-15,text,true,,449,500,10,25,https://api.demoblaze.com/check,192,0,0
1785317146838,202,TR - Open Home Page 1,200,OK,Scenario - Login 3-23,text,true,,4911,515,10,25,https://www.demoblaze.com/index.html,200,0,135
1785317146915,176,TR - Login-182,200,OK,Scenario - Login 3-17,text,true,,449,500,10,25,https://api.demoblaze.com/check,176,0,0
1785317146862,261,TR - Login-184,200,OK,Scenario - Login 3-14,text,true,,654,471,10,25,https://api.demoblaze.com/check,261,0,0
1785317120519,1338,TC - Login,200,"Number of samples in transaction : 7, number of failing samples : 0",Scenario - Login 3-14,,true,,8979,3367,10,25,null,1333,25267,0
1785317146956,185,TR - Select Product-320,200,OK,Scenario - Place Order 4-1,text,true,,515,471,15,24,https://api.demoblaze.com/check,185,0,0
1785317147041,170,TR - Open Home Page 2,200,OK,Scenario - Login 3-23,text,true,,581,458,9,24,https://www.demoblaze.com/config.json,169,0,0
1785317147224,193,TR - Login-164,200,OK,Scenario - Login 3-21,text,true,,449,500,9,24,https://api.demoblaze.com/login,193,0,0
1785317147350,181,TR - Select Product-316,200,OK,Scenario - Place Order 4-9,text,true,,449,500,15,24,https://api.demoblaze.com/check,181,0,0
1785317147212,361,TR - Open Home Page 3,200,OK,Scenario - Login 3-23,text,true,,1479,400,9,24,https://api.demoblaze.com/entries,361,0,121
1785317146837,733,TC - Open Home Page,200,"Number of samples in transaction : 3, number of failing samples : 0",Scenario - Login 3-23,,true,,6971,1373,9,24,null,730,3,256
1785317147503,179,TR - Login-182,200,OK,Scenario - Login 3-16,text,true,,449,500,9,24,https://api.demoblaze.com/check,179,0,0
1785317147768,196,TR - Select Product-317,200,OK,Scenario - Place Order 4-5,text,true,,449,499,15,24,https://api.demoblaze.com/view,196,0,0
1785317147945,172,TR - Select Product-317,200,OK,Scenario - Place Order 4-11,text,true,,449,499,15,24,https://api.demoblaze.com/view,172,0,0
1785317148071,177,TR - Select Product-316,200,OK,Scenario - Place Order 4-10,text,true,,449,500,15,24,https://api.demoblaze.com/check,177,0,0
1785317148274,205,TR - Select Category-297,200,OK,Scenario - Place Order 4-13,text,true,,1577,484,15,24,https://api.demoblaze.com/bycat,203,0,0
1785317143493,376,TC - Select Category,200,"Number of samples in transaction : 2, number of failing samples : 0",Scenario - Place Order 4-13,,true,,2026,984,15,24,null,374,4610,0
1785317148517,231,TR - Login-183,200,OK,Scenario - Login 3-15,text,true,,1594,400,9,24,https://api.demoblaze.com/entries,231,0,0
1785317148932,67,TR - Login-181,200,OK,Scenario - Login 3-18,text,true,,503,458,9,24,https://www.demoblaze.com/config.json,67,0,0
1785317148989,170,TR - Select Category-296,200,OK,Scenario - Place Order 4-2,text,true,,449,500,15,24,https://api.demoblaze.com/bycat,170,0,0
1785317149369,192,TR - Select Product-320,200,OK,Scenario - Place Order 4-11,text,true,,629,471,15,24,https://api.demoblaze.com/check,192,0,0
1785317149440,177,TR - Select Product-300,200,OK,Scenario - Place Order 4-12,text,true,,5418,522,15,24,https://www.demoblaze.com/prod.html?idp_=11,173,0,0
1785317149664,197,TR - Select Product-319,200,OK,Scenario - Place Order 4-6,text,true,,601,461,15,25,https://api.demoblaze.com/view,197,0,0
1785317128520,1013,TC - Select Product,200,"Number of samples in transaction : 6, number of failing samples : 0",Scenario - Place Order 4-6,,true,,8090,2918,15,25,null,1010,20328,0
1785317149683,182,TR - Select Product-320,200,OK,Scenario - Place Order 4-7,text,true,,547,471,15,25,https://api.demoblaze.com/check,182,0,0
1785317149830,194,TR - Open Home Page 1,200,OK,Scenario - Login 3-24,text,true,,5149,515,10,25,https://www.demoblaze.com/index.html,188,0,123
1785317150025,191,TR - Open Home Page 2,200,OK,Scenario - Login 3-24,text,true,,484,458,10,25,https://www.demoblaze.com/config.json,190,0,0
1785317150108,187,TR - Select Product-300,200,OK,Scenario - Place Order 4-4,text,true,,5418,522,15,25,https://www.demoblaze.com/prod.html?idp_=11,184,0,117
1785317150142,205,TR - Login-183,200,OK,Scenario - Place Order 4-15,text,true,,1501,400,15,25,https://api.demoblaze.com/entries,205,0,0
1785317150187,194,TR - Login-182,200,OK,Scenario - Login 3-19,text,true,,449,500,10,25,https://api.demoblaze.com/check,194,0,0
1785317150248,193,TR - Login-184,200,OK,Scenario - Login 3-15,text,true,,645,471,10,25,https://api.demoblaze.com/check,193,0,0
1785317123424,1148,TC - Login,200,"Number of samples in transaction : 7, number of failing samples : 0",Scenario - Login 3-15,,true,,9408,3367,10,25,null,1144,25870,0
1785317150217,311,TR - Open Home Page 3,200,OK,Scenario - Login 3-24,text,true,,1601,400,9,24,https://api.demoblaze.com/entries,310,0,120
1785317149828,696,TC - Open Home Page,200,"Number of samples in transaction : 3, number of failing samples : 0",Scenario - Login 3-24,,true,,7234,1373,9,24,null,688,4,243
1785317150424,190,TR - Login-165,200,OK,Scenario - Login 3-21,text,true,,658,523,9,24,https://api.demoblaze.com/login,190,0,0
1785317150647,196,TR - Login-165,200,OK,Scenario - Login 3-22,text,true,,451,523,9,24,https://api.demoblaze.com/login,195,0,0
1785317150801,202,TR - Select Product-320,200,OK,Scenario - Place Order 4-8,text,true,,615,471,15,24,https://api.demoblaze.com/check,198,0,0
1785317150889,198,TR - Select Category-297,200,OK,Scenario - Place Order 4-2,text,true,,1400,484,15,24,https://api.demoblaze.com/bycat,198,0,0
1785317144770,368,TC - Select Category,200,"Number of samples in transaction : 2, number of failing samples : 0",Scenario - Place Order 4-2,,true,,1849,984,15,24,null,368,5950,0
1785317150919,186,TR - Select Product-319,200,OK,Scenario - Place Order 4-1,text,true,,608,461,15,24,https://api.demoblaze.com/view,185,0,0
1785317129014,1145,TC - Select Product,200,"Number of samples in transaction : 6, number of failing samples : 0",Scenario - Place Order 4-1,,true,,8301,2918,15,24,null,1136,20946,129
1785317151289,197,TR - Login-183,200,OK,Scenario - Login 3-17,text,true,,1651,400,9,24,https://api.demoblaze.com/entries,196,0,0
1785317151646,187,TR - Login-183,200,OK,Scenario - Login 3-16,text,true,,1499,400,9,24,https://api.demoblaze.com/entries,186,0,0
1785317151763,182,TR - Select Product-317,200,OK,Scenario - Place Order 4-10,text,true,,449,499,15,24,https://api.demoblaze.com/view,182,0,0
1785317151811,201,TR - Select Product-319,200,OK,Scenario - Place Order 4-11,text,true,,760,461,15,24,https://api.demoblaze.com/view,201,0,0
1785317137302,1034,TC - Select Product,200,"Number of samples in transaction : 6, number of failing samples : 0",Scenario - Place Order 4-11,,true,,8211,2918,15,24,null,1027,13676,0
1785317151914,187,TR - Select Product-314,200,OK,Scenario - Place Order 4-3,text,true,,648,465,15,24,https://www.demoblaze.com/config.json,187,0,121
1785317152132,65,TR - Select Product-314,200,OK,Scenario - Place Order 4-12,text,true,,553,465,15,24,https://www.demoblaze.com/config.json,64,0,0
1785317152059,175,TR - Login-164,200,OK,Scenario - Login 3-23,text,true,,449,500,9,24,https://api.demoblaze.com/login,175,0,0
1785317152178,171,TR - Login-182,200,OK,Scenario - Login 3-20,text,true,,449,500,9,24,https://api.demoblaze.com/check,171,0,0
1785317152393,185,TR - Select Product-320,200,OK,Scenario - Place Order 4-5,text,true,,500,471,15,24,https://api.demoblaze.com/check,185,0,0
1785317152482,198,TR - Select Product-300,200,OK,Scenario - Place Order 4-14,text,true,,5331,522,15,24,https://www.demoblaze.com/prod.html?idp_=11,193,0,0
1785317152825,185,TR - Open Home Page 1,200,OK,Scenario - Login 3-25,text,true,,4954,515,10,25,https://www.demoblaze.com/index.html,184,0,120
1785317152844,172,TR - Login-164,200,OK,Scenario - Login 3-24,text,true,,449,500,10,25,https://api.demoblaze.com/login,172,0,0
1785317153011,212,TR - Open Home Page 2,200,OK,Scenario - Login 3-25,text,true,,623,458,10,25,https://www.demoblaze.com/config.json,212,0,0
1785317153216,300,TR - Select Product-316,200,OK,Scenario - Place Order 4-3,text,true,,449,500,15,25,https://api.demoblaze.com/check,300,0,131
1785317153225,338,TR - Open Home Page 3,200,OK,Scenario - Login 3-25,text,true,,1614,400,10,25,https://api.demoblaze.com/entries,338,0,122
1785317152824,735,TC - Open Home Page,200,"Number of samples in transaction : 3, number of failing samples : 0",Scenario - Login 3-25,,true,,7191,1373,10,25,null,734,5,242
1785317153450,173,TR - Select Product-317,200,OK,Scenario - Place Order 4-9,text,true,,449,499,15,25,https://api.demoblaze.com/view,173,0,0
1785317153700,177,TR - Select Product-300,200,OK,Scenario - Place Order 4-13,text,true,,5319,522,15,25,https://www.demoblaze.com/prod.html?idp_=11,176,0,0
1785317153673,317,TR - Select Product-319,200,OK,Scenario - Place Order 4-5,text,true,,715,461,15,25,https://api.demoblaze.com/view,316,0,133
1785317125045,1153,TC - Select Product,200,"Number of samples in transaction : 6, number of failing samples : 0",Scenario - Place Order 4-5,,true,,8306,2918,15,25,null,1145,27792,133
1785317153847,172,TR - Select Category-296,200,OK,Scenario - Place Order 4-1,text,true,,449,500,15,25,https://api.demoblaze.com/bycat,172,0,0
1785317154027,210,TR - Select Product-319,200,OK,Scenario - Place Order 4-7,text,true,,608,461,15,25,https://api.demoblaze.com/view,210,0,0
1785317128735,1005,TC - Select Product,200,"Number of samples in transaction : 6, number of failing samples : 0",Scenario - Place Order 4-7,,true,,8028,2918,15,25,null,998,24496,0
1785317154109,185,TR - Login-184,200,OK,Scenario - Login 3-17,text,true,,560,471,10,25,https://api.demoblaze.com/check,185,0,0
1785317129543,1206,TC - Login,200,"Number of samples in transaction : 7, number of failing samples : 0",Scenario - Login 3-17,,true,,9328,3367,10,25,null,1200,23545,0
1785317154037,301,TR - Select Product-300,200,OK,Scenario - Place Order 4-2,text,true,,5427,522,15,24,https://www.demoblaze.com/prod.html?idp_=11,298,0,121
1785317154300,185,TR - Login-166,200,OK,Scenario - Login 3-21,text,true,,4959,515,9,24,https://www.demoblaze.com/index.html,183,0,0
1785317154375,170,TR - Select Product-314,200,OK,Scenario - Place Order 4-14,text,true,,527,465,15,24,https://www.demoblaze.com/config.json,170,0,0
1785317154841,253,TR - Login-184,200,OK,Scenario - Place Order 4-15,text,true,,693,471,15,24,https://api.demoblaze.com/check,247,0,0
1785317154915,179,TR - Login-182,200,OK,Scenario - Login 3-18,text,true,,449,500,9,24,https://api.demoblaze.com/check,179,0,0
1785317123354,1378,TC - Login,200,"Number of samples in transaction : 7, number of failing samples : 0",Scenario - Place Order 4-15,,true,,9038,3367,15,24,null,1370,30361,0
1785317155041,176,TR - Select Category-296,200,OK,Scenario - Place Order 4-6,text,true,,449,500,15,24,https://api.demoblaze.com/bycat,176,0,0
1785317155271,67,TR - Select Product-314,200,OK,Scenario - Place Order 4-4,text,true,,502,465,15,24,https://www.demoblaze.com/config.json,66,0,0
1785317155145,204,TR - Select Product-319,200,OK,Scenario - Place Order 4-8,text,true,,721,461,15,24,https://api.demoblaze.com/view,203,0,0
1785317134616,1033,TC - Select Product,200,"Number of samples in transaction : 6, number of failing samples : 0",Scenario - Place Order 4-8,,true,,7967,2918,15,24,null,1019,19699,0
1785317155320,195,TR - Login-165,200,OK,Scenario - Login 3-23,text,true,,554,523,9,24,https://api.demoblaze.com/login,194,0,0
1785317155331,193,TR - Login-184,200,OK,Scenario - Login 3-16,text,true,,456,471,9,24,https://api.demoblaze.com/check,193,0,0
1785317126726,1200,TC - Login,200,"Number of samples in transaction : 7, number of failing samples : 0",Scenario - Login 3-16,,true,,8801,3367,9,24,null,1195,27597,0
1785317155508,182,TR - Select Category-296,200,OK,Scenario - Place Order 4-11,text,true,,449,500,15,23,https://api.demoblaze.com/bycat,182,0,0
1785317155626,186,TR - Login-165,200,OK,Scenario - Login 3-24,text,true,,464,523,8,23,https://api.demoblaze.com/login,186,0,0
1785317155735,189,TR - Login-166,200,OK,Scenario - Login 3-22,text,true,,4839,515,9,24,https://www.demoblaze.com/index.html,187,0,0
1785317155822,351,TR - Open Home Page 1,200,OK,Scenario - Login 3-26,text,true,,17517,515,9,24,https://www.demoblaze.com/index.html,303,0,122
1785317156116,189,TR - Login-183,200,OK,Scenario - Login 3-19,text,true,,1426,400,9,24,https://api.demoblaze.com/entries,187,0,0
1785317156173,183,TR - Open Home Page 2,200,OK,Scenario - Login 3-26,text,true,,608,458,9,24,https://www.demoblaze.com/config.json,182,0,0
1785317156407,186,TR - Select Category-296,200,OK,Scenario - Place Order 4-8,text,true,,453,500,15,24,https://api.demoblaze.com/bycat,186,0,0
1785317156442,172,TR - Login-164,200,OK,Scenario - Login 3-25,text,true,,449,500,9,24,https://api.demoblaze.com/login,172,0,0
1785317156358,322,TR - Open Home Page 3,200,OK,Scenario - Login 3-26,text,true,,1567,400,9,24,https://api.demoblaze.com/entries,322,0,117
1785317155821,856,TC - Open Home Page,200,"Number of samples in transaction : 3, number of failing samples : 0",Scenario - Login 3-26,,true,,19692,1373,9,24,null,807,4,239
1785317156562,172,TR - Select Product-316,200,OK,Scenario - Place Order 4-12,text,true,,449,500,15,24,https://api.demoblaze.com/check,172,0,0
1785317156662,297,TR - Select Product-316,200,OK,Scenario - Place Order 4-4,text,true,,449,500,15,24,https://api.demoblaze.com/check,297,0,124
1785317157024,203,TR - Select Product-320,200,OK,Scenario - Place Order 4-10,text,true,,679,471,15,24,https://api.demoblaze.com/check,203,0,0
1785317157271,574,TR - Select Product-314,200,OK,Scenario - Place Order 4-13,text,true,,655,465,15,24,https://www.demoblaze.com/config.json,573,0,0
1785317157826,192,TR - Select Product-320,200,OK,Scenario - Place Order 4-9,text,true,,681,471,15,24,https://api.demoblaze.com/check,192,0,0
1785317157890,214,TR - Select Category-297,200,OK,Scenario - Place Order 4-11,text,true,,1571,484,15,24,https://api.demoblaze.com/bycat,211,0,0
1785317152013,396,TC - Select Category,200,"Number of samples in transaction : 2, number of failing samples : 0",Scenario - Place Order 4-11,,true,,2020,984,15,24,null,393,5696,0
1785317158204,66,TR - Login-181,200,OK,Scenario - Login 3-22,text,true,,468,458,9,24,https://www.demoblaze.com/config.json,66,0,0
1785317158223,64,TR - Select Product-314,200,OK,Scenario - Place Order 4-2,text,true,,517,465,15,24,https://www.demoblaze.com/config.json,64,0,0
1785317158095,199,TR - Select Product-316,200,OK,Scenario - Place Order 4-14,text,true,,449,500,15,24,https://api.demoblaze.com/check,199,0,0
1785317158221,193,TR - Select Category-297,200,OK,Scenario - Place Order 4-8,text,true,,1529,484,15,24,https://api.demoblaze.com/bycat,193,0,0
1785317155349,379,TC - Select Category,200,"Number of samples in transaction : 2, number of failing samples : 0",Scenario - Place Order 4-8,,true,,1982,984,15,24,null,379,2688,0
1785317158236,183,TR - Select Product-317,200,OK,Scenario - Place Order 4-4,text,true,,449,499,15,24,https://api.demoblaze.com/view,183,0,0
1785317158245,204,TR - Login-183,200,OK,Scenario - Login 3-20,text,true,,1455,400,9,24,https://api.demoblaze.com/entries,204,0,0
1785317158276,182,TR - Select Product-317,200,OK,Scenario - Place Order 4-12,text,true,,449,499,15,24,https://api.demoblaze.com/view,182,0,0
1785317158287,183,TR - Select Category-296,200,OK,Scenario - Place Order 4-7,text,true,,449,500,15,24,https://api.demoblaze.com/bycat,183,0,0
1785317158568,189,TR - Select Category-296,200,OK,Scenario - Place Order 4-5,text,true,,449,500,15,24,https://api.demoblaze.com/bycat,189,0,0
1785317158818,248,TR - Open Home Page 1,200,OK,Scenario - Login 3-27,text,true,,17517,515,10,25,https://www.demoblaze.com/index.html,204,0,137
1785317158995,193,TR - Select Category-296,200,OK,Scenario - Place Order 4-15,text,true,,449,500,15,25,https://api.demoblaze.com/bycat,193,0,0
1785317159047,198,TR - Login-183,200,OK,Scenario - Login 3-18,text,true,,1615,400,10,25,https://api.demoblaze.com/entries,197,0,0
1785317159066,180,TR - Open Home Page 2,200,OK,Scenario - Login 3-27,text,true,,598,458,10,25,https://www.demoblaze.com/config.json,180,0,0
1785317159103,187,TR - Select Category-297,200,OK,Scenario - Place Order 4-1,text,true,,1451,484,15,25,https://api.demoblaze.com/bycat,187,0,0
1785317151106,359,TC - Select Category,200,"Number of samples in transaction : 2, number of failing samples : 0",Scenario - Place Order 4-1,,true,,1900,984,15,25,null,359,7826,0
1785317159398,176,TR - Select Product-317,200,OK,Scenario - Place Order 4-3,text,true,,449,499,15,25,https://api.demoblaze.com/view,176,0,0
1785317159247,351,TR - Open Home Page 3,200,OK,Scenario - Login 3-27,text,true,,1479,400,10,25,https://api.demoblaze.com/entries,351,0,116
1785317158817,779,TC - Open Home Page,200,"Number of samples in transaction : 3, number of failing samples : 0",Scenario - Login 3-27,,true,,19594,1373,10,25,null,735,3,253
1785317159445,172,TR - Select Product-317,200,OK,Scenario - Place Order 4-14,text,true,,449,499,15,25,https://api.demoblaze.com/view,172,0,0
1785317159571,172,TR - Login-182,200,OK,Scenario - Login 3-22,text,true,,449,500,10,25,https://api.demoblaze.com/check,172,0,0
1785317159732,184,TR - Select Product-316,200,OK,Scenario - Place Order 4-13,text,true,,449,500,15,25,https://api.demoblaze.com/check,184,0,0
1785317159991,177,TR - Login-181,200,OK,Scenario - Login 3-21,text,true,,625,458,10,25,https://www.demoblaze.com/config.json,177,0,0
1785317160092,178,TR - Login-165,200,OK,Scenario - Login 3-25,text,true,,505,523,10,25,https://api.demoblaze.com/login,178,0,0
1785317160029,325,TR - Select Category-297,200,OK,Scenario - Place Order 4-6,text,true,,1445,484,15,25,https://api.demoblaze.com/bycat,325,0,125
1785317149862,501,TC - Select Category,200,"Number of samples in transaction : 2, number of failing samples : 0",Scenario - Place Order 4-6,,true,,1894,984,15,25,null,501,9992,125
1785317160439,175,TR - Select Product-300,200,OK,Scenario - Place Order 4-11,text,true,,5656,522,15,25,https://www.demoblaze.com/prod.html?idp_=11,170,0,0
1785317160602,74,TR - Login-166,200,OK,Scenario - Login 3-24,text,true,,4904,515,10,25,https://www.demoblaze.com/index.html,73,0,0
1785317160522,180,TR - Select Product-316,200,OK,Scenario - Place Order 4-2,text,true,,449,500,15,25,https://api.demoblaze.com/check,180,0,0
1785317160821,175,TR - Login-166,200,OK,Scenario - Login 3-23,text,true,,4961,515,10,25,https://www.demoblaze.com/index.html,171,0,0
1785317160868,196,TR - Select Category-297,200,OK,Scenario - Place Order 4-15,text,true,,1497,484,15,25,https://api.demoblaze.com/bycat,196,0,0
1785317155095,389,TC - Select Category,200,"Number of samples in transaction : 2, number of failing samples : 0",Scenario - Place Order 4-15,,true,,1946,984,15,25,null,389,5581,0
1785317161172,195,TR - Select Category-297,200,OK,Scenario - Place Order 4-5,text,true,,1500,484,15,25,https://api.demoblaze.com/bycat,195,0,0
1785317153991,384,TC - Select Category,200,"Number of samples in transaction : 2, number of failing samples : 0",Scenario - Place Order 4-5,,true,,1949,984,15,25,null,384,6994,0
1785317161580,197,TR - Login-184,200,OK,Scenario - Login 3-19,text,true,,506,471,10,25,https://api.demoblaze.com/check,197,0,0
1785317135536,1338,TC - Login,200,"Number of samples in transaction : 7, number of failing samples : 0",Scenario - Login 3-19,,true,,8899,3367,10,25,null,1332,24903,0
1785317161595,193,TR - Login-184,200,OK,Scenario - Login 3-18,text,true,,481,471,9,24,https://api.demoblaze.com/check,193,0,0
1785317132447,1086,TC - Login,200,"Number of samples in transaction : 7, number of failing samples : 0",Scenario - Login 3-18,,true,,9096,3367,9,24,null,1080,28255,0
1785317161815,222,TR - Open Home Page 1,200,OK,Scenario - Login 3-28,text,true,,17517,515,9,24,https://www.demoblaze.com/index.html,176,0,112
1785317162038,170,TR - Open Home Page 2,200,OK,Scenario - Login 3-28,text,true,,617,458,9,24,https://www.demoblaze.com/config.json,170,0,0
1785317162076,185,TR - Login-164,200,OK,Scenario - Login 3-26,text,true,,449,500,9,24,https://api.demoblaze.com/login,185,0,0
1785317162230,114,TR - Login-181,200,OK,Scenario - Login 3-23,text,true,,539,458,9,24,https://www.demoblaze.com/config.json,114,0,0
1785317162209,315,TR - Open Home Page 3,200,OK,Scenario - Login 3-28,text,true,,1441,400,9,24,https://api.demoblaze.com/entries,315,0,115
1785317161814,707,TC - Open Home Page,200,"Number of samples in transaction : 3, number of failing samples : 0",Scenario - Login 3-28,,true,,19575,1373,9,24,null,661,3,227
1785317162431,202,TR - Login-184,200,OK,Scenario - Login 3-20,text,true,,574,471,9,24,https://api.demoblaze.com/check,202,0,0
1785317138696,1194,TC - Login,200,"Number of samples in transaction : 7, number of failing samples : 0",Scenario - Login 3-20,,true,,9269,3367,9,24,null,1188,22743,0
1785317162406,291,TR - Select Product-300,200,OK,Scenario - Place Order 4-1,text,true,,5582,522,15,23,https://www.demoblaze.com/prod.html?idp_=11,290,0,116
1785317162723,175,TR - Select Product-317,200,OK,Scenario - Place Order 4-2,text,true,,449,499,15,23,https://api.demoblaze.com/view,175,0,0
1785317162803,302,TR - Select Product-300,200,OK,Scenario - Place Order 4-6,text,true,,5602,522,15,23,https://www.demoblaze.com/prod.html?idp_=11,301,0,126
1785317162929,191,TR - Select Product-320,200,OK,Scenario - Place Order 4-3,text,true,,638,471,15,23,https://api.demoblaze.com/check,191,0,0
1785317163068,207,TR - Login-183,200,OK,Scenario - Login 3-22,text,true,,1511,400,8,23,https://api.demoblaze.com/entries,207,0,0
1785317163159,186,TR - Select Product-319,200,OK,Scenario - Place Order 4-10,text,true,,764,461,15,23,https://api.demoblaze.com/view,186,0,0
1785317136162,1108,TC - Select Product,200,"Number of samples in transaction : 6, number of failing samples : 0",Scenario - Place Order 4-10,,true,,8352,2918,15,23,null,1105,26075,0
1785317163050,336,TR - Select Product-300,200,OK,Scenario - Place Order 4-8,text,true,,5337,522,15,23,https://www.demoblaze.com/prod.html?idp_=11,334,0,137
1785317163230,183,TR - Select Product-319,200,OK,Scenario - Place Order 4-9,text,true,,697,461,15,23,https://api.demoblaze.com/view,183,0,0
1785317133336,1099,TC - Select Product,200,"Number of samples in transaction : 6, number of failing samples : 0",Scenario - Place Order 4-9,,true,,8017,2918,15,23,null,1096,28978,0
1785317162953,526,TR - Login-164,200,OK,Scenario - Login 3-27,text,true,,449,500,8,23,https://api.demoblaze.com/login,526,0,0
1785317163525,67,TR - Select Product-314,200,OK,Scenario - Place Order 4-11,text,true,,479,465,15,23,https://www.demoblaze.com/config.json,66,0,0
1785317163538,181,TR - Login-182,200,OK,Scenario - Login 3-21,text,true,,449,500,8,23,https://api.demoblaze.com/check,181,0,0
1785317163582,182,TR - Login-164,200,OK,Scenario - Login 3-28,text,true,,449,500,8,23,https://api.demoblaze.com/login,182,0,0
1785317163562,209,TR - Select Product-300,200,OK,Scenario - Place Order 4-5,text,true,,5448,522,15,23,https://www.demoblaze.com/prod.html?idp_=11,205,0,134
1785317163836,171,TR - Select Product-314,200,OK,Scenario - Place Order 4-1,text,true,,573,465,15,23,https://www.demoblaze.com/config.json,171,0,0
1785317163717,310,TR - Select Category-297,200,OK,Scenario - Place Order 4-7,text,true,,1611,484,15,23,https://api.demoblaze.com/bycat,310,0,119
1785317154237,493,TC - Select Category,200,"Number of samples in transaction : 2, number of failing samples : 0",Scenario - Place Order 4-7,,true,,2060,984,15,23,null,493,9298,119
1785317163991,183,TR - Select Product-320,200,OK,Scenario - Place Order 4-12,text,true,,693,471,15,23,https://api.demoblaze.com/check,183,0,0
1785317164313,183,TR - Select Product-320,200,OK,Scenario - Place Order 4-4,text,true,,572,471,15,23,https://api.demoblaze.com/check,183,0,0
1785317164331,184,TR - Select Product-319,200,OK,Scenario - Place Order 4-3,text,true,,606,461,15,23,https://api.demoblaze.com/view,184,0,0
1785317143956,1227,TC - Select Product,200,"Number of samples in transaction : 6, number of failing samples : 0",Scenario - Place Order 4-3,,true,,8330,2918,15,23,null,1222,19332,252
1785317164488,198,TR - Select Product-320,200,OK,Scenario - Place Order 4-14,text,true,,649,471,15,23,https://api.demoblaze.com/check,198,0,0
1785317164884,178,TR - Select Product-300,200,OK,Scenario - Place Order 4-15,text,true,,5561,522,15,24,https://www.demoblaze.com/prod.html?idp_=11,178,0,0
1785317165023,71,TR - Login-166,200,OK,Scenario - Login 3-25,text,true,,4951,515,9,24,https://www.demoblaze.com/index.html,71,0,0
1785317164807,309,TR - Open Home Page 1,200,OK,Scenario - Login 3-29,text,true,,5062,515,9,24,https://www.demoblaze.com/index.html,307,0,120
1785317165116,184,TR - Open Home Page 2,200,OK,Scenario - Login 3-29,text,true,,505,458,9,24,https://www.demoblaze.com/config.json,184,0,0
1785317165366,183,TR - Login-181,200,OK,Scenario - Login 3-24,text,true,,452,458,9,24,https://www.demoblaze.com/config.json,183,0,0
1785317165301,350,TR - Open Home Page 3,200,OK,Scenario - Login 3-29,text,true,,1484,400,9,24,https://api.demoblaze.com/entries,350,0,144
1785317164807,843,TC - Open Home Page,200,"Number of samples in transaction : 3, number of failing samples : 0",Scenario - Login 3-29,,true,,7051,1373,9,24,null,841,1,264
1785317165473,190,TR - Select Product-317,200,OK,Scenario - Place Order 4-13,text,true,,449,499,15,24,https://api.demoblaze.com/view,190,0,0
1785317165979,192,TR - Login-182,200,OK,Scenario - Login 3-23,text,true,,449,500,9,24,https://api.demoblaze.com/check,192,0,0
1785317166330,66,TR - Select Product-314,200,OK,Scenario - Place Order 4-8,text,true,,536,465,15,24,https://www.demoblaze.com/config.json,66,0,0
1785317166472,183,TR - Login-184,200,OK,Scenario - Login 3-22,text,true,,681,471,9,24,https://api.demoblaze.com/check,183,0,0
1785317144551,1183,TC - Login,200,"Number of samples in transaction : 7, number of failing samples : 0",Scenario - Login 3-22,,true,,8848,3367,9,24,null,1180,20921,0
1785317166526,194,TR - Login-165,200,OK,Scenario - Login 3-28,text,true,,650,523,8,23,https://api.demoblaze.com/login,194,0,0
1785317166740,171,TR - Select Category-296,200,OK,Scenario - Place Order 4-3,text,true,,449,500,15,23,https://api.demoblaze.com/bycat,171,0,0
1785317166740,181,TR - Select Product-316,200,OK,Scenario - Place Order 4-1,text,true,,449,500,15,23,https://api.demoblaze.com/check,181,0,0
1785317167161,180,TR - Select Product-319,200,OK,Scenario - Place Order 4-4,text,true,,652,461,15,23,https://api.demoblaze.com/view,180,0,0
1785317145233,1097,TC - Select Product,200,"Number of samples in transaction : 6, number of failing samples : 0",Scenario - Place Order 4-4,,true,,8042,2918,15,23,null,1093,21011,241
1785317167489,63,TR - Select Product-314,200,OK,Scenario - Place Order 4-6,text,true,,621,465,15,23,https://www.demoblaze.com/config.json,63,0,0
1785317167804,65,TR - Login-181,200,OK,Scenario - Login 3-25,text,true,,531,458,9,24,https://www.demoblaze.com/config.json,64,0,0
1785317167894,171,TR - Select Category-296,200,OK,Scenario - Place Order 4-10,text,true,,449,500,15,24,https://api.demoblaze.com/bycat,171,0,0
1785317167805,316,TR - Open Home Page 1,200,OK,Scenario - Login 3-30,text,true,,4925,515,9,24,https://www.demoblaze.com/index.html,316,0,123
1785317168122,63,TR - Open Home Page 2,200,OK,Scenario - Login 3-30,text,true,,556,458,9,24,https://www.demoblaze.com/config.json,63,0,0
1785317168075,185,TR - Select Product-320,200,OK,Scenario - Place Order 4-2,text,true,,536,471,15,24,https://api.demoblaze.com/check,185,0,0
1785317168188,173,TR - Select Product-316,200,OK,Scenario - Place Order 4-11,text,true,,449,500,15,24,https://api.demoblaze.com/check,173,0,0
1785317168255,191,TR - Login-165,200,OK,Scenario - Login 3-27,text,true,,667,523,9,24,https://api.demoblaze.com/login,191,0,0
1785317168252,195,TR - Login-165,200,OK,Scenario - Login 3-26,text,true,,640,523,9,24,https://api.demoblaze.com/login,194,0,0
1785317168173,305,TR - Select Product-316,200,OK,Scenario - Place Order 4-8,text,true,,449,500,15,24,https://api.demoblaze.com/check,305,0,117
1785317168231,296,TR - Select Category-296,200,OK,Scenario - Place Order 4-9,text,true,,449,500,15,24,https://api.demoblaze.com/bycat,296,0,113
1785317168188,360,TR - Open Home Page 3,200,OK,Scenario - Login 3-30,text,true,,1596,400,9,24,https://api.demoblaze.com/entries,359,0,111
1785317167804,739,TC - Open Home Page,200,"Number of samples in transaction : 3, number of failing samples : 0",Scenario - Login 3-30,,true,,7077,1373,9,24,null,738,5,234
1785317168377,214,TR - Select Product-300,200,OK,Scenario - Place Order 4-7,text,true,,5591,522,15,24,https://www.demoblaze.com/prod.html?idp_=11,181,0,119
1785317168527,210,TR - Login-183,200,OK,Scenario - Login 3-21,text,true,,1477,400,9,24,https://api.demoblaze.com/entries,209,0,0
1785317168590,194,TR - Select Product-319,200,OK,Scenario - Place Order 4-12,text,true,,631,461,15,24,https://api.demoblaze.com/view,194,0,0
1785317146339,973,TC - Select Product,200,"Number of samples in transaction : 6, number of failing samples : 0",Scenario - Place Order 4-12,,true,,8193,2918,15,24,null,968,21473,0
1785317169264,188,TR - Select Product-319,200,OK,Scenario - Place Order 4-14,text,true,,675,461,15,24,https://api.demoblaze.com/view,188,0,0
1785317146708,1125,TC - Select Product,200,"Number of samples in transaction : 6, number of failing samples : 0",Scenario - Place Order 4-14,,true,,8080,2918,15,24,null,1120,21619,0
1785317169736,66,TR - Select Product-314,200,OK,Scenario - Place Order 4-5,text,true,,544,465,15,24,https://www.demoblaze.com/config.json,66,0,0
1785317169830,305,TR - Select Category-297,200,OK,Scenario - Place Order 4-10,text,true,,1518,484,15,24,https://api.demoblaze.com/bycat,305,0,120
1785317163345,476,TC - Select Category,200,"Number of samples in transaction : 2, number of failing samples : 0",Scenario - Place Order 4-10,,true,,1967,984,15,24,null,476,6314,120
1785317169997,183,TR - Select Product-317,200,OK,Scenario - Place Order 4-1,text,true,,449,499,15,24,https://api.demoblaze.com/view,183,0,0
1785317170042,189,TR - Login-183,200,OK,Scenario - Login 3-23,text,true,,1660,400,9,24,https://api.demoblaze.com/entries,188,0,0
1785317170173,67,TR - Select Product-314,200,OK,Scenario - Place Order 4-15,text,true,,507,465,15,24,https://www.demoblaze.com/config.json,66,0,0
1785317170479,178,TR - Select Product-317,200,OK,Scenario - Place Order 4-8,text,true,,449,499,15,24,https://api.demoblaze.com/view,178,0,0
1785317170719,186,TR - Login-182,200,OK,Scenario - Login 3-24,text,true,,449,500,9,24,https://api.demoblaze.com/check,186,0,0
1785317170810,173,TR - Select Product-316,200,OK,Scenario - Place Order 4-6,text,true,,449,500,15,24,https://api.demoblaze.com/check,173,0,0
1785317170918,199,TR - Select Category-297,200,OK,Scenario - Place Order 4-3,text,true,,1422,484,15,24,https://api.demoblaze.com/bycat,199,0,0
1785317164515,370,TC - Select Category,200,"Number of samples in transaction : 2, number of failing samples : 0",Scenario - Place Order 4-3,,true,,1871,984,15,24,null,370,6232,0
1785317170964,188,TR - Login-164,200,OK,Scenario - Login 3-29,text,true,,449,500,9,24,https://api.demoblaze.com/login,188,0,0
1785317170990,175,TR - Login-182,200,OK,Scenario - Login 3-25,text,true,,449,500,9,24,https://api.demoblaze.com/check,175,0,0
1785317171234,194,TR - Login-184,200,OK,Scenario - Login 3-23,text,true,,657,471,9,24,https://api.demoblaze.com/check,194,0,0
1785317147573,1234,TC - Login,200,"Number of samples in transaction : 7, number of failing samples : 0",Scenario - Login 3-23,,true,,9269,3367,9,24,null,1228,22621,0
1785317171255,183,TR - Select Product-316,200,OK,Scenario - Place Order 4-5,text,true,,449,500,15,23,https://api.demoblaze.com/check,183,0,0
1785317171333,188,TR - Select Product-320,200,OK,Scenario - Place Order 4-13,text,true,,553,471,15,23,https://api.demoblaze.com/check,186,0,0
1785317171367,180,TR - Select Category-296,200,OK,Scenario - Place Order 4-12,text,true,,449,500,15,23,https://api.demoblaze.com/bycat,180,0,0
1785317171417,205,TR - Login-184,200,OK,Scenario - Login 3-21,text,true,,567,471,8,23,https://api.demoblaze.com/check,205,0,0
1785317141403,1341,TC - Login,200,"Number of samples in transaction : 7, number of failing samples : 0",Scenario - Login 3-21,,true,,9184,3367,8,23,null,1338,28878,0
1785317171569,190,TR - Select Category-297,200,OK,Scenario - Place Order 4-9,text,true,,1581,484,15,22,https://api.demoblaze.com/bycat,190,0,0
1785317163413,486,TC - Select Category,200,"Number of samples in transaction : 2, number of failing samples : 0",Scenario - Place Order 4-9,,true,,2030,984,15,22,null,486,7860,113
1785317171929,181,TR - Login-166,200,OK,Scenario - Login 3-28,text,true,,5056,515,7,22,https://www.demoblaze.com/index.html,178,0,0
1785317172254,199,TR - Select Category-296,200,OK,Scenario - Place Order 4-4,text,true,,449,500,15,22,https://api.demoblaze.com/bycat,199,0,0
1785317172883,180,TR - Login-164,200,OK,Scenario - Login 3-30,text,true,,449,500,7,22,https://api.demoblaze.com/login,180,0,0
1785317172942,201,TR - Login-183,200,OK,Scenario - Login 3-25,text,true,,1453,400,7,22,https://api.demoblaze.com/entries,201,0,0
1785317173340,202,TR - Select Product-314,200,OK,Scenario - Place Order 4-7,text,true,,457,465,15,22,https://www.demoblaze.com/config.json,202,0,0
1785317173361,183,TR - Login-165,200,OK,Scenario - Login 3-29,text,true,,558,523,7,22,https://api.demoblaze.com/login,183,0,0
1785317173257,291,TR - Select Product-317,200,OK,Scenario - Place Order 4-11,text,true,,449,499,15,22,https://api.demoblaze.com/view,291,0,121
1785317173440,173,TR - Select Product-317,200,OK,Scenario - Place Order 4-5,text,true,,449,499,15,22,https://api.demoblaze.com/view,173,0,0
1785317173439,177,TR - Select Category-296,200,OK,Scenario - Place Order 4-14,text,true,,449,500,15,22,https://api.demoblaze.com/bycat,177,0,0
1785317173483,197,TR - Select Category-297,200,OK,Scenario - Place Order 4-12,text,true,,1382,484,15,22,https://api.demoblaze.com/bycat,197,0,0
1785317168785,377,TC - Select Category,200,"Number of samples in transaction : 2, number of failing samples : 0",Scenario - Place Order 4-12,,true,,1831,984,15,22,null,377,4518,0
1785317173462,299,TR - Select Product-300,200,OK,Scenario - Place Order 4-10,text,true,,5406,522,15,22,https://www.demoblaze.com/prod.html?idp_=11,295,0,115
1785317173698,197,TR - Select Product-319,200,OK,Scenario - Place Order 4-2,text,true,,623,461,15,22,https://api.demoblaze.com/view,197,0,0
1785317151089,1102,TC - Select Product,200,"Number of samples in transaction : 6, number of failing samples : 0",Scenario - Place Order 4-2,,true,,8001,2918,15,22,null,1099,21705,121
1785317173729,208,TR - Login-183,200,OK,Scenario - Login 3-24,text,true,,1625,400,7,22,https://api.demoblaze.com/entries,208,0,0
1785317173903,173,TR - Login-166,200,OK,Scenario - Login 3-26,text,true,,5024,515,7,22,https://www.demoblaze.com/index.html,171,0,0
1785317174190,181,TR - Select Product-316,200,OK,Scenario - Place Order 4-15,text,true,,449,500,15,22,https://api.demoblaze.com/check,180,0,0
1785317174421,74,TR - Login-166,200,OK,Scenario - Login 3-27,text,true,,5066,515,7,22,https://www.demoblaze.com/index.html,68,0,0
1785317174425,197,TR - Select Category-297,200,OK,Scenario - Place Order 4-4,text,true,,1569,484,15,22,https://api.demoblaze.com/bycat,197,0,0
1785317167342,396,TC - Select Category,200,"Number of samples in transaction : 2, number of failing samples : 0",Scenario - Place Order 4-4,,true,,2018,984,15,22,null,396,6885,0
1785317174814,177,TR - Select Product-300,200,OK,Scenario - Place Order 4-3,text,true,,5639,522,15,22,https://www.demoblaze.com/prod.html?idp_=11,175,0,0
1785317175040,205,TR - Select Product-320,200,OK,Scenario - Place Order 4-8,text,true,,466,471,15,22,https://api.demoblaze.com/check,205,0,0
1785317175096,171,TR - Login-181,200,OK,Scenario - Login 3-28,text,true,,653,458,7,22,https://www.demoblaze.com/config.json,171,0,0
1785317175293,218,TR - Select Product-320,200,OK,Scenario - Place Order 4-5,text,true,,491,471,15,22,https://api.demoblaze.com/check,218,0,0
1785317175340,202,TR - Select Product-316,200,OK,Scenario - Place Order 4-7,text,true,,449,500,15,22,https://api.demoblaze.com/check,202,0,0
1785317175539,180,TR - Login-184,200,OK,Scenario - Login 3-24,text,true,,658,471,7,22,https://api.demoblaze.com/check,180,0,0
1785317150528,1189,TC - Login,200,"Number of samples in transaction : 7, number of failing samples : 0",Scenario - Login 3-24,,true,,9001,3367,7,22,null,1188,24002,0
1785317175595,188,TR - Select Product-300,200,OK,Scenario - Place Order 4-9,text,true,,5392,522,15,21,https://www.demoblaze.com/prod.html?idp_=11,186,0,120
1785317175818,171,TR - Select Product-317,200,OK,Scenario - Place Order 4-6,text,true,,449,499,15,21,https://api.demoblaze.com/view,171,0,0
1785317175984,183,TR - Login-184,200,OK,Scenario - Login 3-25,text,true,,660,471,6,21,https://api.demoblaze.com/check,181,0,0
1785317153564,1045,TC - Login,200,"Number of samples in transaction : 7, number of failing samples : 0",Scenario - Login 3-25,,true,,8998,3367,6,21,null,1042,21559,0
1785317176049,193,TR - Select Product-320,200,OK,Scenario - Place Order 4-1,text,true,,608,471,15,20,https://api.demoblaze.com/check,193,0,0
1785317176246,169,TR - Login-181,200,OK,Scenario - Login 3-26,text,true,,560,458,5,20,https://www.demoblaze.com/config.json,169,0,0
1785317176333,187,TR - Login-165,200,OK,Scenario - Login 3-30,text,true,,682,523,5,20,https://api.demoblaze.com/login,187,0,0
1785317176352,174,TR - Login-182,200,OK,Scenario - Login 3-28,text,true,,449,500,5,20,https://api.demoblaze.com/check,174,0,0
1785317176509,181,TR - Select Product-314,200,OK,Scenario - Place Order 4-3,text,true,,456,465,15,20,https://www.demoblaze.com/config.json,181,0,0
1785317176634,182,TR - Select Product-319,200,OK,Scenario - Place Order 4-13,text,true,,650,461,15,20,https://api.demoblaze.com/view,180,0,0
1785317148479,1495,TC - Select Product,200,"Number of samples in transaction : 6, number of failing samples : 0",Scenario - Place Order 4-13,,true,,8075,2918,15,20,null,1489,26842,0
1785317176765,177,TR - Select Product-314,200,OK,Scenario - Place Order 4-10,text,true,,485,465,15,20,https://www.demoblaze.com/config.json,177,0,0
1785317176767,188,TR - Select Product-300,200,OK,Scenario - Place Order 4-12,text,true,,5444,522,15,20,https://www.demoblaze.com/prod.html?idp_=11,186,0,121
1785317176800,176,TR - Select Product-317,200,OK,Scenario - Place Order 4-7,text,true,,449,499,15,20,https://api.demoblaze.com/view,176,0,0
1785317177308,63,TR - Select Product-314,200,OK,Scenario - Place Order 4-9,text,true,,458,465,15,20,https://www.demoblaze.com/config.json,63,0,0
1785317177415,177,TR - Select Product-300,200,OK,Scenario - Place Order 4-4,text,true,,5420,522,15,20,https://www.demoblaze.com/prod.html?idp_=11,176,0,0
1785317177473,178,TR - Login-182,200,OK,Scenario - Login 3-26,text,true,,449,500,5,20,https://api.demoblaze.com/check,178,0,0
1785317177845,237,TR - Select Product-320,200,OK,Scenario - Place Order 4-11,text,true,,658,471,15,20,https://api.demoblaze.com/check,237,0,0
1785317177861,230,TR - Select Category-297,200,OK,Scenario - Place Order 4-14,text,true,,1598,484,15,20,https://api.demoblaze.com/bycat,230,0,0
1785317169452,407,TC - Select Category,200,"Number of samples in transaction : 2, number of failing samples : 0",Scenario - Place Order 4-14,,true,,2047,984,15,20,null,407,8233,0
1785317178398,223,TR - Select Category-296,200,OK,Scenario - Place Order 4-2,text,true,,449,500,15,20,https://api.demoblaze.com/bycat,223,0,0
1785317178396,225,TR - Select Product-319,200,OK,Scenario - Place Order 4-5,text,true,,614,461,15,20,https://api.demoblaze.com/view,225,0,0
1785317161368,1074,TC - Select Product,200,"Number of samples in transaction : 6, number of failing samples : 0",Scenario - Place Order 4-5,,true,,7995,2918,15,20,null,1070,16179,134
1785317178976,247,TR - Login-166,200,OK,Scenario - Login 3-29,text,true,,17517,515,5,20,https://www.demoblaze.com/index.html,245,0,0
1785317179141,146,TR - Login-181,200,OK,Scenario - Login 3-27,text,true,,550,458,5,20,https://www.demoblaze.com/config.json,146,0,0
1785317179250,199,TR - Select Product-320,200,OK,Scenario - Place Order 4-6,text,true,,618,471,15,20,https://api.demoblaze.com/check,199,0,0
1785317179395,195,TR - Select Product-319,200,OK,Scenario - Place Order 4-8,text,true,,762,461,15,20,https://api.demoblaze.com/view,195,0,0
1785317158415,1285,TC - Select Product,200,"Number of samples in transaction : 6, number of failing samples : 0",Scenario - Place Order 4-8,,true,,7999,2918,15,20,null,1283,19890,254
1785317179548,195,TR - Login-183,200,OK,Scenario - Login 3-26,text,true,,1621,400,5,20,https://api.demoblaze.com/entries,195,0,0
1785317179647,186,TR - Select Product-319,200,OK,Scenario - Place Order 4-1,text,true,,630,461,15,20,https://api.demoblaze.com/view,186,0,0
1785317159291,1205,TC - Select Product,200,"Number of samples in transaction : 6, number of failing samples : 0",Scenario - Place Order 4-1,,true,,8291,2918,15,20,null,1204,19338,116
1785317179628,290,TR - Select Product-317,200,OK,Scenario - Place Order 4-15,text,true,,449,499,15,20,https://api.demoblaze.com/view,290,0,0
1785317180048,64,TR - Select Product-314,200,OK,Scenario - Place Order 4-4,text,true,,512,465,15,20,https://www.demoblaze.com/config.json,64,0,0
1785317179899,214,TR - Select Product-319,200,OK,Scenario - Place Order 4-11,text,true,,818,461,15,20,https://api.demoblaze.com/view,213,0,0
1785317158104,1157,TC - Select Product,200,"Number of samples in transaction : 6, number of failing samples : 0",Scenario - Place Order 4-11,,true,,8509,2918,15,20,null,1150,20853,121
1785317180021,195,TR - Select Product-316,200,OK,Scenario - Place Order 4-9,text,true,,449,500,15,20,https://api.demoblaze.com/check,195,0,0
1785317180369,241,TR - Login-166,200,OK,Scenario - Login 3-30,text,true,,4964,515,5,20,https://www.demoblaze.com/index.html,240,0,0
1785317181207,183,TR - Select Product-314,200,OK,Scenario - Place Order 4-12,text,true,,645,465,15,20,https://www.demoblaze.com/config.json,182,0,0
1785317181248,181,TR - Select Category-296,200,OK,Scenario - Place Order 4-1,text,true,,449,500,15,20,https://api.demoblaze.com/bycat,181,0,0
1785317181494,173,TR - Select Product-317,200,OK,Scenario - Place Order 4-9,text,true,,449,499,15,20,https://api.demoblaze.com/view,173,0,0
1785317181406,340,TR - Select Category-296,200,OK,Scenario - Place Order 4-13,text,true,,449,500,15,20,https://api.demoblaze.com/bycat,340,0,125
1785317181531,215,TR - Select Product-316,200,OK,Scenario - Place Order 4-3,text,true,,449,500,15,20,https://api.demoblaze.com/check,215,0,0
1785317182000,64,TR - Login-181,200,OK,Scenario - Login 3-29,text,true,,467,458,5,20,https://www.demoblaze.com/config.json,64,0,0
1785317182049,64,TR - Login-181,200,OK,Scenario - Login 3-30,text,true,,636,458,5,20,https://www.demoblaze.com/config.json,63,0,0
1785317181942,203,TR - Login-183,200,OK,Scenario - Login 3-28,text,true,,1648,400,5,20,https://api.demoblaze.com/entries,198,0,0
1785317181955,203,TR - Select Category-297,200,OK,Scenario - Place Order 4-2,text,true,,1598,484,15,20,https://api.demoblaze.com/bycat,202,0,0
1785317173895,426,TC - Select Category,200,"Number of samples in transaction : 2, number of failing samples : 0",Scenario - Place Order 4-2,,true,,2047,984,15,20,null,425,7837,0
1785317182132,285,TR - Select Product-320,200,OK,Scenario - Place Order 4-7,text,true,,481,471,15,20,https://api.demoblaze.com/check,285,0,0
1785317182138,280,TR - Select Product-316,200,OK,Scenario - Place Order 4-10,text,true,,449,500,15,20,https://api.demoblaze.com/check,280,0,0
1785317182613,258,TR - Select Category-297,200,OK,Scenario - Place Order 4-1,text,true,,1388,484,15,20,https://api.demoblaze.com/bycat,258,0,0
1785317179834,439,TC - Select Category,200,"Number of samples in transaction : 2, number of failing samples : 0",Scenario - Place Order 4-1,,true,,1837,984,15,20,null,439,2598,0
1785317182864,214,TR - Select Category-297,200,OK,Scenario - Place Order 4-13,text,true,,1456,484,15,20,https://api.demoblaze.com/bycat,214,0,0
1785317176816,554,TC - Select Category,200,"Number of samples in transaction : 2, number of failing samples : 0",Scenario - Place Order 4-13,,true,,1905,984,15,20,null,554,5708,125
1785317183081,224,TR - Select Product-319,200,OK,Scenario - Place Order 4-6,text,true,,685,461,15,20,https://api.demoblaze.com/view,224,0,0
1785317160355,1132,TC - Select Product,200,"Number of samples in transaction : 6, number of failing samples : 0",Scenario - Place Order 4-6,,true,,8424,2918,15,20,null,1131,21818,126
1785317184029,184,TR - Select Category-296,200,OK,Scenario - Place Order 4-5,text,true,,449,500,15,20,https://api.demoblaze.com/bycat,184,0,0
1785317184051,180,TR - Select Product-320,200,OK,Scenario - Place Order 4-9,text,true,,551,471,15,20,https://api.demoblaze.com/check,180,0,0
1785317183937,370,TR - Select Product-300,200,OK,Scenario - Place Order 4-14,text,true,,5683,522,15,20,https://www.demoblaze.com/prod.html?idp_=11,369,0,123
1785317184518,246,TR - Select Product-317,200,OK,Scenario - Place Order 4-3,text,true,,449,499,15,20,https://api.demoblaze.com/view,246,0,0
1785317184714,175,TR - Select Product-316,200,OK,Scenario - Place Order 4-4,text,true,,449,500,15,20,https://api.demoblaze.com/check,175,0,0
1785317184759,187,TR - Select Category-296,200,OK,Scenario - Place Order 4-8,text,true,,449,500,15,20,https://api.demoblaze.com/bycat,187,0,0
1785317184777,183,TR - Select Product-300,200,OK,Scenario - Place Order 4-2,text,true,,5318,522,15,20,https://www.demoblaze.com/prod.html?idp_=11,182,0,0
1785317184791,188,TR - Login-184,200,OK,Scenario - Login 3-28,text,true,,696,471,5,20,https://api.demoblaze.com/check,187,0,0
1785317162524,1293,TC - Login,200,"Number of samples in transaction : 7, number of failing samples : 0",Scenario - Login 3-28,,true,,9601,3367,5,20,null,1284,21162,0
1785317184814,173,TR - Login-182,200,OK,Scenario - Login 3-27,text,true,,449,500,4,19,https://api.demoblaze.com/check,173,0,0
1785317185113,282,TR - Select Category-296,200,OK,Scenario - Place Order 4-11,text,true,,449,500,15,19,https://api.demoblaze.com/bycat,282,0,0
1785317185182,349,TR - Select Product-320,200,OK,Scenario - Place Order 4-15,text,true,,669,471,15,19,https://api.demoblaze.com/check,344,0,147
1785317185490,223,TR - Login-184,200,OK,Scenario - Login 3-26,text,true,,490,471,4,19,https://api.demoblaze.com/check,222,0,0
1785317156680,1318,TC - Login,200,"Number of samples in transaction : 7, number of failing samples : 0",Scenario - Login 3-26,,true,,9233,3367,4,19,null,1314,27715,0
1785317186093,246,TR - Select Product-300,200,OK,Scenario - Place Order 4-1,text,true,,5400,522,15,18,https://www.demoblaze.com/prod.html?idp_=11,246,0,0
1785317186441,186,TR - Select Category-296,200,OK,Scenario - Place Order 4-6,text,true,,449,500,15,18,https://api.demoblaze.com/bycat,186,0,0
1785317186509,307,TR - Select Product-316,200,OK,Scenario - Place Order 4-12,text,true,,453,500,15,18,https://api.demoblaze.com/check,307,0,124
1785317186721,186,TR - Select Category-297,200,OK,Scenario - Place Order 4-11,text,true,,1379,484,15,18,https://api.demoblaze.com/bycat,186,0,0
1785317180114,468,TC - Select Category,200,"Number of samples in transaction : 2, number of failing samples : 0",Scenario - Place Order 4-11,,true,,1828,984,15,18,null,468,6325,0
1785317186894,235,TR - Login-182,200,OK,Scenario - Login 3-29,text,true,,449,500,3,18,https://api.demoblaze.com/check,235,0,0
1785317187490,237,TR - Login-182,200,OK,Scenario - Login 3-30,text,true,,449,500,3,18,https://api.demoblaze.com/check,237,0,0
1785317187647,267,TR - Select Product-320,200,OK,Scenario - Place Order 4-3,text,true,,659,471,15,18,https://api.demoblaze.com/check,267,0,0
1785317187761,191,TR - Select Category-297,200,OK,Scenario - Place Order 4-8,text,true,,1607,484,15,18,https://api.demoblaze.com/bycat,190,0,0
1785317179590,378,TC - Select Category,200,"Number of samples in transaction : 2, number of failing samples : 0",Scenario - Place Order 4-8,,true,,2056,984,15,18,null,377,7984,0
1785317187893,192,TR - Select Product-319,200,OK,Scenario - Place Order 4-7,text,true,,604,461,15,18,https://api.demoblaze.com/view,192,0,0
1785317164027,1271,TC - Select Product,200,"Number of samples in transaction : 6, number of failing samples : 0",Scenario - Place Order 4-7,,true,,8031,2918,15,18,null,1238,22788,119
1785317187957,172,TR - Select Product-317,200,OK,Scenario - Place Order 4-10,text,true,,449,499,15,18,https://api.demoblaze.com/view,172,0,0
1785317188018,182,TR - Select Product-319,200,OK,Scenario - Place Order 4-15,text,true,,714,461,15,18,https://api.demoblaze.com/view,182,0,0
1785317161064,1247,TC - Select Product,200,"Number of samples in transaction : 6, number of failing samples : 0",Scenario - Place Order 4-15,,true,,8349,2918,15,18,null,1240,25890,147
1785317188121,264,TR - Login-183,200,OK,Scenario - Login 3-27,text,true,,1577,400,3,18,https://api.demoblaze.com/entries,264,0,0
1785317188337,376,TR - Select Product-300,200,OK,Scenario - Place Order 4-13,text,true,,5573,522,15,18,https://www.demoblaze.com/prod.html?idp_=11,375,0,171
1785317188476,295,TR - Select Product-300,200,OK,Scenario - Place Order 4-11,text,true,,5618,522,15,18,https://www.demoblaze.com/prod.html?idp_=11,292,0,119
1785317188935,169,TR - Select Product-317,200,OK,Scenario - Place Order 4-4,text,true,,449,499,15,18,https://api.demoblaze.com/view,169,0,0
1785317188985,189,TR - Select Product-319,200,OK,Scenario - Place Order 4-9,text,true,,683,461,15,18,https://api.demoblaze.com/view,189,0,0
1785317171760,988,TC - Select Product,200,"Number of samples in transaction : 6, number of failing samples : 0",Scenario - Place Order 4-9,,true,,7982,2918,15,18,null,986,16426,120
1785317189039,192,TR - Select Product-319,200,OK,Scenario - Place Order 4-3,text,true,,720,461,15,18,https://api.demoblaze.com/view,192,0,0
1785317171117,1278,TC - Select Product,200,"Number of samples in transaction : 6, number of failing samples : 0",Scenario - Place Order 4-3,,true,,8372,2918,15,18,null,1276,16836,0
1785317189135,175,TR - Select Product-317,200,OK,Scenario - Place Order 4-12,text,true,,449,499,15,18,https://api.demoblaze.com/view,175,0,0
1785317189374,206,TR - Select Category-297,200,OK,Scenario - Place Order 4-5,text,true,,1441,484,15,18,https://api.demoblaze.com/bycat,205,0,0
1785317178621,390,TC - Select Category,200,"Number of samples in transaction : 2, number of failing samples : 0",Scenario - Place Order 4-5,,true,,1890,984,15,18,null,389,10569,0
1785317189623,175,TR - Select Category-296,200,OK,Scenario - Place Order 4-15,text,true,,449,500,15,18,https://api.demoblaze.com/bycat,175,0,0
1785317189647,243,TR - Select Product-314,200,OK,Scenario - Place Order 4-14,text,true,,645,465,15,18,https://www.demoblaze.com/config.json,238,0,0
1785317190079,176,TR - Select Product-314,200,OK,Scenario - Place Order 4-1,text,true,,536,465,15,18,https://www.demoblaze.com/config.json,175,0,0
1785317190463,65,TR - Select Product-314,200,OK,Scenario - Place Order 4-2,text,true,,562,465,15,18,https://www.demoblaze.com/config.json,64,0,0
1785317190424,187,TR - Add to cart-322,200,OK,Scenario - Place Order 4-3,text,true,,449,504,15,18,https://api.demoblaze.com/addtocart,187,0,0
1785317190556,72,TR - Select Product-300,200,OK,Scenario - Place Order 4-8,text,true,,5557,522,15,18,https://www.demoblaze.com/prod.html?idp_=11,66,0,0
1785317190448,197,TR - Select Product-320,200,OK,Scenario - Place Order 4-10,text,true,,465,471,15,18,https://api.demoblaze.com/check,197,0,0
1785317191334,178,TR - Select Product-314,200,OK,Scenario - Place Order 4-11,text,true,,428,465,15,18,https://www.demoblaze.com/config.json,178,0,0
1785317192023,212,TR - Select Product-320,200,OK,Scenario - Place Order 4-12,text,true,,482,471,15,18,https://api.demoblaze.com/check,203,0,0
1785317192327,174,TR - Select Product-314,200,OK,Scenario - Place Order 4-13,text,true,,483,465,15,18,https://www.demoblaze.com/config.json,174,0,0
1785317192601,195,TR - Select Category-297,200,OK,Scenario - Place Order 4-6,text,true,,1441,484,15,18,https://api.demoblaze.com/bycat,195,0,0
1785317183305,381,TC - Select Category,200,"Number of samples in transaction : 2, number of failing samples : 0",Scenario - Place Order 4-6,,true,,1890,984,15,18,null,381,9109,0
1785317192674,185,TR - Login-184,200,OK,Scenario - Login 3-27,text,true,,574,471,3,18,https://api.demoblaze.com/check,185,0,0
1785317159599,1559,TC - Login,200,"Number of samples in transaction : 7, number of failing samples : 0",Scenario - Login 3-27,,true,,9332,3367,3,18,null,1553,31701,0
1785317192697,187,TR - Login-183,200,OK,Scenario - Login 3-29,text,true,,1518,400,2,17,https://api.demoblaze.com/entries,186,0,0
1785317192995,183,TR - Select Category-296,200,OK,Scenario - Place Order 4-9,text,true,,449,500,15,17,https://api.demoblaze.com/bycat,183,0,0
1785317193547,188,TR - Login-183,200,OK,Scenario - Login 3-30,text,true,,1675,400,2,17,https://api.demoblaze.com/entries,188,0,0
1785317193632,186,TR - Select Product-319,200,OK,Scenario - Place Order 4-12,text,true,,768,461,15,17,https://api.demoblaze.com/view,186,0,0
1785317173680,1251,TC - Select Product,200,"Number of samples in transaction : 6, number of failing samples : 0",Scenario - Place Order 4-12,,true,,8241,2918,15,17,null,1239,18886,245
1785317193925,173,TR - Select Product-316,200,OK,Scenario - Place Order 4-2,text,true,,449,500,15,17,https://api.demoblaze.com/check,173,0,0
1785317193982,171,TR - Select Category-296,200,OK,Scenario - Place Order 4-7,text,true,,449,500,15,17,https://api.demoblaze.com/bycat,171,0,0
1785317194262,203,TR - Login-184,200,OK,Scenario - Login 3-29,text,true,,485,471,2,17,https://api.demoblaze.com/check,203,0,0
1785317165651,1307,TC - Login,200,"Number of samples in transaction : 7, number of failing samples : 0",Scenario - Login 3-29,,true,,21443,3367,2,17,null,1304,27506,0
1785317194305,175,TR - Select Product-316,200,OK,Scenario - Place Order 4-13,text,true,,449,500,15,16,https://api.demoblaze.com/check,175,0,0
1785317194341,193,TR - Select Product-320,200,OK,Scenario - Place Order 4-4,text,true,,654,471,15,16,https://api.demoblaze.com/check,193,0,0
1785317195007,179,TR - Select Product-319,200,OK,Scenario - Place Order 4-10,text,true,,687,461,15,16,https://api.demoblaze.com/view,179,0,0
1785317170135,1304,TC - Select Product,200,"Number of samples in transaction : 6, number of failing samples : 0",Scenario - Place Order 4-10,,true,,7941,2918,15,16,null,1300,23747,115
1785317195039,183,TR - Select Product-316,200,OK,Scenario - Place Order 4-1,text,true,,449,500,15,16,https://api.demoblaze.com/check,183,0,0
1785317195186,174,TR - Select Product-316,200,OK,Scenario - Place Order 4-11,text,true,,449,500,15,16,https://api.demoblaze.com/check,174,0,0
1785317195346,189,TR - Select Category-297,200,OK,Scenario - Place Order 4-15,text,true,,1562,484,15,16,https://api.demoblaze.com/bycat,187,0,0
1785317188201,364,TC - Select Category,200,"Number of samples in transaction : 2, number of failing samples : 0",Scenario - Place Order 4-15,,true,,2011,984,15,16,null,362,6970,0
1785317195352,202,TR - Select Product-300,200,OK,Scenario - Place Order 4-5,text,true,,5328,522,15,16,https://www.demoblaze.com/prod.html?idp_=11,196,0,0
1785317195435,183,TR - Select Product-314,200,OK,Scenario - Place Order 4-8,text,true,,569,465,15,16,https://www.demoblaze.com/config.json,183,0,0
1785317195358,305,TR - Select Product-316,200,OK,Scenario - Place Order 4-14,text,true,,449,500,15,16,https://api.demoblaze.com/check,305,0,122
1785317195979,182,TR - Add to cart-323,200,OK,Scenario - Place Order 4-3,text,true,,600,560,15,16,https://api.demoblaze.com/addtocart,182,0,0
1785317189231,369,TC - Add To Cart,200,"Number of samples in transaction : 2, number of failing samples : 0",Scenario - Place Order 4-3,,true,,1049,1064,15,16,null,369,6560,0
1785317196119,200,TR - Select Category-297,200,OK,Scenario - Place Order 4-9,text,true,,1419,484,15,16,https://api.demoblaze.com/bycat,199,0,0
1785317189174,383,TC - Select Category,200,"Number of samples in transaction : 2, number of failing samples : 0",Scenario - Place Order 4-9,,true,,1868,984,15,16,null,382,6762,0
1785317196182,193,TR - Select Product-317,200,OK,Scenario - Place Order 4-13,text,true,,449,499,15,16,https://api.demoblaze.com/view,193,0,0
1785317196193,199,TR - Select Product-300,200,OK,Scenario - Place Order 4-6,text,true,,5295,522,15,16,https://www.demoblaze.com/prod.html?idp_=11,191,0,0
1785317197133,66,TR - Select Product-314,200,OK,Scenario - Place Order 4-5,text,true,,602,465,15,16,https://www.demoblaze.com/config.json,65,0,0
1785317197226,312,TR - Select Product-300,200,OK,Scenario - Place Order 4-15,text,true,,5455,522,15,16,https://www.demoblaze.com/prod.html?idp_=11,310,0,128
1785317197445,193,TR - Select Product-320,200,OK,Scenario - Place Order 4-13,text,true,,654,471,15,16,https://api.demoblaze.com/check,193,0,0
1785317197831,179,TR - Select Product-317,200,OK,Scenario - Place Order 4-2,text,true,,449,499,15,16,https://api.demoblaze.com/view,179,0,0
1785317197890,196,TR - Select Category-297,200,OK,Scenario - Place Order 4-7,text,true,,1534,484,15,16,https://api.demoblaze.com/bycat,196,0,0
1785317188086,367,TC - Select Category,200,"Number of samples in transaction : 2, number of failing samples : 0",Scenario - Place Order 4-7,,true,,1983,984,15,16,null,367,9634,0
1785317198307,181,TR - Login-184,200,OK,Scenario - Login 3-30,text,true,,604,471,1,16,https://api.demoblaze.com/check,180,0,0
1785317168548,1278,TC - Login,200,"Number of samples in transaction : 7, number of failing samples : 0",Scenario - Login 3-30,,true,,9459,3367,1,16,null,1275,28662,0
1785317199289,182,TR - Select Product-319,200,OK,Scenario - Place Order 4-4,text,true,,739,461,15,15,https://api.demoblaze.com/view,182,0,0
1785317174623,960,TC - Select Product,200,"Number of samples in transaction : 6, number of failing samples : 0",Scenario - Place Order 4-4,,true,,8223,2918,15,15,null,959,23888,0
1785317199301,180,TR - Select Product-316,200,OK,Scenario - Place Order 4-5,text,true,,449,500,15,15,https://api.demoblaze.com/check,180,0,0
1785317199576,182,TR - Select Category-296,200,OK,Scenario - Place Order 4-12,text,true,,449,500,15,15,https://api.demoblaze.com/bycat,182,0,0
1785317199624,179,TR - Select Product-317,200,OK,Scenario - Place Order 4-11,text,true,,449,499,15,15,https://api.demoblaze.com/view,179,0,0
1785317200047,179,TR - View Cart-324,200,OK,Scenario - Place Order 4-3,text,true,,5790,521,15,15,https://www.demoblaze.com/cart.html,178,0,0
1785317200133,184,TR - Select Category-296,200,OK,Scenario - Place Order 4-10,text,true,,449,500,15,15,https://api.demoblaze.com/bycat,184,0,0
1785317200746,173,TR - Select Product-317,200,OK,Scenario - Place Order 4-14,text,true,,449,499,15,15,https://api.demoblaze.com/view,173,0,0
1785317200817,188,TR - Select Product-317,200,OK,Scenario - Place Order 4-1,text,true,,449,499,15,15,https://api.demoblaze.com/view,188,0,0
1785317201263,184,TR - Select Product-317,200,OK,Scenario - Place Order 4-5,text,true,,449,499,15,15,https://api.demoblaze.com/view,184,0,0
1785317201299,198,TR - Select Product-316,200,OK,Scenario - Place Order 4-8,text,true,,449,500,15,15,https://api.demoblaze.com/check,198,0,0
1785317201491,191,TR - Select Product-319,200,OK,Scenario - Place Order 4-13,text,true,,632,461,15,15,https://api.demoblaze.com/view,191,0,0
1785317183079,1302,TC - Select Product,200,"Number of samples in transaction : 6, number of failing samples : 0",Scenario - Place Order 4-13,,true,,8240,2918,15,15,null,1301,17302,171
1785317201514,194,TR - Select Product-320,200,OK,Scenario - Place Order 4-2,text,true,,556,471,15,15,https://api.demoblaze.com/check,194,0,0
1785317201673,172,TR - Select Product-314,200,OK,Scenario - Place Order 4-6,text,true,,488,465,15,15,https://www.demoblaze.com/config.json,172,0,0
1785317201679,186,TR - Select Category-297,200,OK,Scenario - Place Order 4-12,text,true,,1596,484,15,15,https://api.demoblaze.com/bycat,183,0,0
1785317193818,368,TC - Select Category,200,"Number of samples in transaction : 2, number of failing samples : 0",Scenario - Place Order 4-12,,true,,2045,984,15,15,null,365,7680,0
1785317201958,192,TR - Select Product-300,200,OK,Scenario - Place Order 4-9,text,true,,5415,522,15,15,https://www.demoblaze.com/prod.html?idp_=11,192,0,0
1785317202476,189,TR - Select Product-320,200,OK,Scenario - Place Order 4-5,text,true,,680,471,15,15,https://api.demoblaze.com/check,189,0,0
1785317202599,181,TR - Select Product-320,200,OK,Scenario - Place Order 4-1,text,true,,531,471,15,15,https://api.demoblaze.com/check,181,0,0
1785317202883,182,TR - Add to cart-322,200,OK,Scenario - Place Order 4-4,text,true,,449,504,15,15,https://api.demoblaze.com/addtocart,182,0,0
1785317202881,192,TR - Select Product-319,200,OK,Scenario - Place Order 4-2,text,true,,766,461,15,15,https://api.demoblaze.com/view,192,0,0
1785317182158,986,TC - Select Product,200,"Number of samples in transaction : 6, number of failing samples : 0",Scenario - Place Order 4-2,,true,,8100,2918,15,15,null,984,19930,0
1785317203182,71,TR - Select Product-314,200,OK,Scenario - Place Order 4-15,text,true,,650,465,15,15,https://www.demoblaze.com/config.json,70,0,0
1785317203402,184,TR - Select Product-300,200,OK,Scenario - Place Order 4-7,text,true,,5472,522,15,15,https://www.demoblaze.com/prod.html?idp_=11,183,0,0
1785317203891,201,TR - Select Product-320,200,OK,Scenario - Place Order 4-11,text,true,,612,471,15,15,https://api.demoblaze.com/check,201,0,0
1785317204345,178,TR - Select Product-317,200,OK,Scenario - Place Order 4-8,text,true,,449,499,15,15,https://api.demoblaze.com/view,178,0,0
1785317204488,183,TR - Select Product-320,200,OK,Scenario - Place Order 4-14,text,true,,447,471,15,15,https://api.demoblaze.com/check,181,0,0
1785317204687,316,TR - Select Product-319,200,OK,Scenario - Place Order 4-1,text,true,,677,461,15,15,https://api.demoblaze.com/view,316,0,123
1785317182871,1290,TC - Select Product,200,"Number of samples in transaction : 6, number of failing samples : 0",Scenario - Place Order 4-1,,true,,8042,2918,15,15,null,1289,20842,123
1785317205043,71,TR - Select Product-300,200,OK,Scenario - Place Order 4-12,text,true,,5531,522,15,15,https://www.demoblaze.com/prod.html?idp_=11,65,0,0
1785317205167,64,TR - Select Product-314,200,OK,Scenario - Place Order 4-7,text,true,,655,465,15,15,https://www.demoblaze.com/config.json,64,0,0
1785317205382,66,TR - View Cart-339,200,OK,Scenario - Place Order 4-3,text,true,,616,457,15,15,https://www.demoblaze.com/config.json,66,0,0
1785317205693,179,TR - Select Category-296,200,OK,Scenario - Place Order 4-13,text,true,,449,500,15,15,https://api.demoblaze.com/bycat,179,0,0
1785317205848,199,TR - Select Category-297,200,OK,Scenario - Place Order 4-10,text,true,,1400,484,15,15,https://api.demoblaze.com/bycat,199,0,0
1785317195187,383,TC - Select Category,200,"Number of samples in transaction : 2, number of failing samples : 0",Scenario - Place Order 4-10,,true,,1849,984,15,15,null,383,10478,0
1785317205909,181,TR - Select Product-319,200,OK,Scenario - Place Order 4-11,text,true,,621,461,15,15,https://api.demoblaze.com/view,181,0,0
1785317186907,1208,TC - Select Product,200,"Number of samples in transaction : 6, number of failing samples : 0",Scenario - Place Order 4-11,,true,,8177,2918,15,15,null,1205,17976,119
1785317206673,175,TR - Select Product-316,200,OK,Scenario - Place Order 4-7,text,true,,449,500,15,15,https://api.demoblaze.com/check,175,0,0
1785317207064,178,TR - Select Product-314,200,OK,Scenario - Place Order 4-9,text,true,,580,465,15,15,https://www.demoblaze.com/config.json,177,0,0
1785317207130,179,TR - Select Product-316,200,OK,Scenario - Place Order 4-15,text,true,,449,500,15,15,https://api.demoblaze.com/check,179,0,0
1785317207236,191,TR - View Cart-340,200,OK,Scenario - Place Order 4-3,text,true,,449,500,15,15,https://api.demoblaze.com/check,191,0,0
1785317207276,183,TR - Add to cart-322,200,OK,Scenario - Place Order 4-11,text,true,,449,504,15,15,https://api.demoblaze.com/addtocart,183,0,0
1785317207427,208,TR - Select Product-319,200,OK,Scenario - Place Order 4-5,text,true,,668,461,15,15,https://api.demoblaze.com/view,208,0,0
1785317189580,1029,TC - Select Product,200,"Number of samples in transaction : 6, number of failing samples : 0",Scenario - Place Order 4-5,,true,,8176,2918,15,15,null,1022,17026,0
1785317207810,192,TR - Select Product-316,200,OK,Scenario - Place Order 4-6,text,true,,449,500,15,15,https://api.demoblaze.com/check,192,0,0
1785317207810,193,TR - Add to cart-323,200,OK,Scenario - Place Order 4-4,text,true,,662,560,15,15,https://api.demoblaze.com/addtocart,193,0,0
1785317199472,375,TC - Add To Cart,200,"Number of samples in transaction : 2, number of failing samples : 0",Scenario - Place Order 4-4,,true,,1111,1064,15,15,null,375,8156,0
1785317207773,292,TR - Add to cart-322,200,OK,Scenario - Place Order 4-2,text,true,,449,504,15,15,https://api.demoblaze.com/addtocart,292,0,121
1785317208690,181,TR - Select Product-320,200,OK,Scenario - Place Order 4-8,text,true,,471,471,15,15,https://api.demoblaze.com/check,181,0,0
1785317209047,171,TR - Select Product-317,200,OK,Scenario - Place Order 4-6,text,true,,449,499,15,15,https://api.demoblaze.com/view,171,0,0
1785317209109,187,TR - Add to cart-322,200,OK,Scenario - Place Order 4-1,text,true,,449,504,15,15,https://api.demoblaze.com/addtocart,187,0,0
1785317209363,210,TR - Select Product-300,200,OK,Scenario - Place Order 4-10,text,true,,5340,522,15,15,https://www.demoblaze.com/prod.html?idp_=11,205,0,0
1785317209607,181,TR - Select Product-319,200,OK,Scenario - Place Order 4-14,text,true,,834,461,15,15,https://api.demoblaze.com/view,180,0,0
1785317178092,1455,TC - Select Product,200,"Number of samples in transaction : 6, number of failing samples : 0",Scenario - Place Order 4-14,,true,,8507,2918,15,15,null,1446,30241,245
1785317209771,196,TR - Select Category-297,200,OK,Scenario - Place Order 4-13,text,true,,1434,484,15,15,https://api.demoblaze.com/bycat,196,0,0
1785317201683,375,TC - Select Category,200,"Number of samples in transaction : 2, number of failing samples : 0",Scenario - Place Order 4-13,,true,,1883,984,15,15,null,375,7909,0
1785317209789,203,TR - View Cart-324,200,OK,Scenario - Place Order 4-4,text,true,,5680,521,15,15,https://www.demoblaze.com/cart.html,195,0,0
1785317209820,173,TR - Select Product-317,200,OK,Scenario - Place Order 4-7,text,true,,449,499,15,15,https://api.demoblaze.com/view,173,0,0
1785317209925,170,TR - View Cart-341,200,OK,Scenario - Place Order 4-3,text,true,,449,503,15,15,https://api.demoblaze.com/viewcart,170,0,0
1785317209996,184,TR - Select Product-317,200,OK,Scenario - Place Order 4-15,text,true,,449,499,15,15,https://api.demoblaze.com/view,184,0,0
1785317210212,195,TR - Select Product-314,200,OK,Scenario - Place Order 4-12,text,true,,582,465,15,15,https://www.demoblaze.com/config.json,195,0,0
1785317211135,189,TR - Select Category-296,200,OK,Scenario - Place Order 4-14,text,true,,449,500,15,15,https://api.demoblaze.com/bycat,189,0,0
1785317211181,203,TR - Add to cart-323,200,OK,Scenario - Place Order 4-1,text,true,,630,560,15,15,https://api.demoblaze.com/addtocart,203,0,0
1785317205003,390,TC - Add To Cart,200,"Number of samples in transaction : 2, number of failing samples : 0",Scenario - Place Order 4-1,,true,,1079,1064,15,15,null,390,5991,0
1785317211194,197,TR - Select Product-320,200,OK,Scenario - Place Order 4-6,text,true,,645,471,15,15,https://api.demoblaze.com/check,197,0,0
1785317211417,183,TR - Add to cart-323,200,OK,Scenario - Place Order 4-2,text,true,,484,560,15,15,https://api.demoblaze.com/addtocart,183,0,0
1785317203074,475,TC - Add To Cart,200,"Number of samples in transaction : 2, number of failing samples : 0",Scenario - Place Order 4-2,,true,,933,1064,15,15,null,475,8051,121
1785317211444,196,TR - Select Product-319,200,OK,Scenario - Place Order 4-8,text,true,,671,461,15,15,https://api.demoblaze.com/view,194,0,0
1785317187952,1008,TC - Select Product,200,"Number of samples in transaction : 6, number of failing samples : 0",Scenario - Place Order 4-8,,true,,8166,2918,15,15,null,1000,22681,0
1785317211663,173,TR - Select Product-316,200,OK,Scenario - Place Order 4-9,text,true,,449,500,15,15,https://api.demoblaze.com/check,173,0,0
1785317211902,185,TR - Add to cart-322,200,OK,Scenario - Place Order 4-5,text,true,,449,504,15,15,https://api.demoblaze.com/addtocart,185,0,0
1785317212164,184,TR - Add to cart-323,200,OK,Scenario - Place Order 4-11,text,true,,667,560,15,15,https://api.demoblaze.com/addtocart,184,0,0
1785317206091,367,TC - Add To Cart,200,"Number of samples in transaction : 2, number of failing samples : 0",Scenario - Place Order 4-11,,true,,1116,1064,15,15,null,367,5890,0
1785317212767,207,TR - View Cart-342,200,OK,Scenario - Place Order 4-3,text,true,,679,471,15,15,https://api.demoblaze.com/check,207,0,0
1785317212805,305,TR - View Cart-339,200,OK,Scenario - Place Order 4-4,text,true,,470,457,15,15,https://www.demoblaze.com/config.json,304,0,113
1785317212963,183,TR - Select Product-300,200,OK,Scenario - Place Order 4-13,text,true,,5396,522,15,15,https://www.demoblaze.com/prod.html?idp_=11,183,0,0
1785317213376,198,TR - Select Product-316,200,OK,Scenario - Place Order 4-12,text,true,,449,500,15,15,https://api.demoblaze.com/check,198,0,0
1785317213596,72,TR - View Cart-324,200,OK,Scenario - Place Order 4-11,text,true,,5665,521,15,15,https://www.demoblaze.com/cart.html,67,0,0
1785317213508,172,TR - Select Product-317,200,OK,Scenario - Place Order 4-9,text,true,,449,499,15,15,https://api.demoblaze.com/view,172,0,0
1785317214272,183,TR - View Cart-340,200,OK,Scenario - Place Order 4-4,text,true,,449,500,15,15,https://api.demoblaze.com/check,183,0,0
1785317214297,200,TR - Select Product-320,200,OK,Scenario - Place Order 4-15,text,true,,501,471,15,15,https://api.demoblaze.com/check,200,0,0
1785317214477,65,TR - Select Product-314,200,OK,Scenario - Place Order 4-10,text,true,,511,465,15,15,https://www.demoblaze.com/config.json,65,0,0
1785317214742,182,TR - Add to cart-322,200,OK,Scenario - Place Order 4-8,text,true,,449,504,15,15,https://api.demoblaze.com/addtocart,182,0,0
1785317214859,185,TR - Select Product-320,200,OK,Scenario - Place Order 4-7,text,true,,556,471,15,15,https://api.demoblaze.com/check,185,0,0
1785317214922,175,TR - Select Product-314,200,OK,Scenario - Place Order 4-13,text,true,,570,465,15,15,https://www.demoblaze.com/config.json,169,0,0
1785317215215,184,TR - Select Product-317,200,OK,Scenario - Place Order 4-12,text,true,,449,499,15,15,https://api.demoblaze.com/view,184,0,0
1785317215297,175,TR - View Cart-339,200,OK,Scenario - Place Order 4-11,text,true,,486,457,15,15,https://www.demoblaze.com/config.json,175,0,0
1785317215835,181,TR - Select Product-319,200,OK,Scenario - Place Order 4-15,text,true,,625,461,15,15,https://api.demoblaze.com/view,181,0,0
1785317195536,1127,TC - Select Product,200,"Number of samples in transaction : 6, number of failing samples : 0",Scenario - Place Order 4-15,,true,,8129,2918,15,15,null,1124,19354,128
1785317216261,195,TR - Select Product-320,200,OK,Scenario - Place Order 4-9,text,true,,482,471,15,15,https://api.demoblaze.com/check,195,0,0
1785317216312,199,TR - View Cart-324,200,OK,Scenario - Place Order 4-2,text,true,,5781,521,15,15,https://www.demoblaze.com/cart.html,196,0,126
1785317216438,208,TR - Select Category-297,200,OK,Scenario - Place Order 4-14,text,true,,1522,484,15,15,https://api.demoblaze.com/bycat,208,0,0
1785317209788,397,TC - Select Category,200,"Number of samples in transaction : 2, number of failing samples : 0",Scenario - Place Order 4-14,,true,,1971,984,15,15,null,397,6461,0
1785317216672,171,TR - View Cart-340,200,OK,Scenario - Place Order 4-11,text,true,,449,500,15,15,https://api.demoblaze.com/check,171,0,0
1785317216797,190,TR - Select Product-319,200,OK,Scenario - Place Order 4-6,text,true,,598,461,15,15,https://api.demoblaze.com/view,190,0,0
1785317192796,1121,TC - Select Product,200,"Number of samples in transaction : 6, number of failing samples : 0",Scenario - Place Order 4-6,,true,,7924,2918,15,15,null,1113,23071,0
1785317216837,307,TR - View Cart-341,200,OK,Scenario - Place Order 4-4,text,true,,449,503,15,15,https://api.demoblaze.com/viewcart,307,0,126
1785317217344,198,TR - View Cart-324,200,OK,Scenario - Place Order 4-1,text,true,,5907,521,15,15,https://www.demoblaze.com/cart.html,193,0,0
1785317217511,192,TR - Select Category-296,200,OK,Scenario - Place Order 4-15,text,true,,449,500,15,15,https://api.demoblaze.com/bycat,192,0,0
1785317217526,183,TR - Select Product-316,200,OK,Scenario - Place Order 4-13,text,true,,449,500,15,15,https://api.demoblaze.com/check,183,0,0
1785317217534,327,TR - Add to cart-323,200,OK,Scenario - Place Order 4-5,text,true,,484,560,15,15,https://api.demoblaze.com/addtocart,327,0,122
1785317207635,512,TC - Add To Cart,200,"Number of samples in transaction : 2, number of failing samples : 0",Scenario - Place Order 4-5,,true,,933,1064,15,15,null,512,9715,122
1785317217826,184,TR - Add to cart-323,200,OK,Scenario - Place Order 4-8,text,true,,636,560,15,15,https://api.demoblaze.com/addtocart,184,0,0
1785317211641,366,TC - Add To Cart,200,"Number of samples in transaction : 2, number of failing samples : 0",Scenario - Place Order 4-8,,true,,1085,1064,15,15,null,366,6003,0
1785317218321,321,TR - View Cart-343,200,OK,Scenario - Place Order 4-3,text,true,,447,487,15,15,https://api.demoblaze.com/viewcart,321,0,123
1785317218812,184,TR - Add to cart-322,200,OK,Scenario - Place Order 4-6,text,true,,449,504,15,15,https://api.demoblaze.com/addtocart,184,0,0
1785317218997,182,TR - Select Product-319,200,OK,Scenario - Place Order 4-9,text,true,,652,461,15,15,https://api.demoblaze.com/view,182,0,0
1785317196319,1092,TC - Select Product,200,"Number of samples in transaction : 6, number of failing samples : 0",Scenario - Place Order 4-9,,true,,8027,2918,15,15,null,1091,21768,0
1785317219051,185,TR - Select Product-317,200,OK,Scenario - Place Order 4-13,text,true,,449,499,15,15,https://api.demoblaze.com/view,185,0,0
1785317219531,171,TR - Select Product-316,200,OK,Scenario - Place Order 4-10,text,true,,449,500,15,15,https://api.demoblaze.com/check,171,0,0
1785317219514,194,TR - Select Product-319,200,OK,Scenario - Place Order 4-7,text,true,,752,461,15,15,https://api.demoblaze.com/view,194,0,0
1785317198087,975,TC - Select Product,200,"Number of samples in transaction : 6, number of failing samples : 0",Scenario - Place Order 4-7,,true,,8333,2918,15,15,null,974,20647,0
1785317220250,190,TR - Select Product-320,200,OK,Scenario - Place Order 4-13,text,true,,692,471,15,15,https://api.demoblaze.com/check,189,0,0
1785317220269,195,TR - View Cart-339,200,OK,Scenario - Place Order 4-2,text,true,,439,457,15,15,https://www.demoblaze.com/config.json,194,0,0
1785317220553,185,TR - Select Product-320,200,OK,Scenario - Place Order 4-12,text,true,,650,471,15,15,https://api.demoblaze.com/check,185,0,0
1785317220785,175,TR - Add to cart-322,200,OK,Scenario - Place Order 4-9,text,true,,449,504,15,15,https://api.demoblaze.com/addtocart,175,0,0
1785317220825,193,TR - View Cart-341,200,OK,Scenario - Place Order 4-11,text,true,,449,503,15,15,https://api.demoblaze.com/viewcart,193,0,0
1785317221054,180,TR - Select Product-317,200,OK,Scenario - Place Order 4-10,text,true,,449,499,15,15,https://api.demoblaze.com/view,180,0,0
1785317220997,316,TR - Add to cart-323,200,OK,Scenario - Place Order 4-6,text,true,,542,560,15,15,https://api.demoblaze.com/addtocart,316,0,123
1785317216987,500,TC - Add To Cart,200,"Number of samples in transaction : 2, number of failing samples : 0",Scenario - Place Order 4-6,,true,,991,1064,15,15,null,500,3826,123
1785317221505,202,TR - Select Product-319,200,OK,Scenario - Place Order 4-13,text,true,,762,461,15,15,https://api.demoblaze.com/view,202,0,0
1785317209967,1118,TC - Select Product,200,"Number of samples in transaction : 6, number of failing samples : 0",Scenario - Place Order 4-13,,true,,8318,2918,15,15,null,1111,10622,0
1785317221583,179,TR - Select Product-300,200,OK,Scenario - Place Order 4-14,text,true,,5485,522,15,15,https://www.demoblaze.com/prod.html?idp_=11,175,0,0
1785317222385,193,TR - Select Category-297,200,OK,Scenario - Place Order 4-15,text,true,,1555,484,15,15,https://api.demoblaze.com/bycat,192,0,0
1785317216016,385,TC - Select Category,200,"Number of samples in transaction : 2, number of failing samples : 0",Scenario - Place Order 4-15,,true,,2004,984,15,15,null,384,6177,0
1785317222410,198,TR - Add to cart-323,200,OK,Scenario - Place Order 4-9,text,true,,644,560,15,15,https://api.demoblaze.com/addtocart,198,0,0
1785317219180,373,TC - Add To Cart,200,"Number of samples in transaction : 2, number of failing samples : 0",Scenario - Place Order 4-9,,true,,1093,1064,15,15,null,373,3056,0
1785317222441,182,TR - View Cart-344,200,OK,Scenario - Place Order 4-3,text,true,,449,499,15,15,https://api.demoblaze.com/view,182,0,0
1785317222687,178,TR - View Cart-339,200,OK,Scenario - Place Order 4-1,text,true,,639,457,15,15,https://www.demoblaze.com/config.json,178,0,114
1785317222837,193,TR - View Cart-342,200,OK,Scenario - Place Order 4-4,text,true,,535,471,15,15,https://api.demoblaze.com/check,191,0,0
1785317223014,63,TR - Select Product-314,200,OK,Scenario - Place Order 4-14,text,true,,474,465,15,15,https://www.demoblaze.com/config.json,63,0,0
1785317222975,180,TR - View Cart-324,200,OK,Scenario - Place Order 4-5,text,true,,5960,521,15,15,https://www.demoblaze.com/cart.html,173,0,0
1785317223610,197,TR - View Cart-324,200,OK,Scenario - Place Order 4-8,text,true,,5782,521,15,15,https://www.demoblaze.com/cart.html,196,0,130
1785317223906,186,TR - Add to cart-322,200,OK,Scenario - Place Order 4-13,text,true,,449,504,15,15,https://api.demoblaze.com/addtocart,186,0,0
1785317224182,182,TR - View Cart-342,200,OK,Scenario - Place Order 4-11,text,true,,501,471,15,15,https://api.demoblaze.com/check,179,0,0
1785317224073,303,TR - View Cart-324,200,OK,Scenario - Place Order 4-6,text,true,,5614,521,15,15,https://www.demoblaze.com/cart.html,301,0,119
1785317224356,286,TR - Add to cart-322,200,OK,Scenario - Place Order 4-7,text,true,,449,504,15,15,https://api.demoblaze.com/addtocart,286,0,113
1785317224920,174,TR - View Cart-340,200,OK,Scenario - Place Order 4-2,text,true,,449,500,15,15,https://api.demoblaze.com/check,174,0,0
1785317224971,196,TR - Select Product-319,200,OK,Scenario - Place Order 4-12,text,true,,804,461,15,15,https://api.demoblaze.com/view,195,0,0
1785317201866,1029,TC - Select Product,200,"Number of samples in transaction : 6, number of failing samples : 0",Scenario - Place Order 4-12,,true,,8465,2918,15,15,null,1022,22272,0
1785317225477,183,TR - Add to cart-323,200,OK,Scenario - Place Order 4-13,text,true,,660,560,15,15,https://api.demoblaze.com/addtocart,183,0,0
1785317221707,369,TC - Add To Cart,200,"Number of samples in transaction : 2, number of failing samples : 0",Scenario - Place Order 4-13,,true,,1109,1064,15,15,null,369,3584,0
1785317225516,181,TR - View Cart-339,200,OK,Scenario - Place Order 4-6,text,true,,424,457,15,15,https://www.demoblaze.com/config.json,170,0,0
1785317226025,185,TR - Select Product-320,200,OK,Scenario - Place Order 4-10,text,true,,692,471,15,15,https://api.demoblaze.com/check,185,0,0
1785317226309,184,TR - Select Product-316,200,OK,Scenario - Place Order 4-14,text,true,,449,500,15,15,https://api.demoblaze.com/check,184,0,0
1785317226353,184,TR - Add to cart-323,200,OK,Scenario - Place Order 4-7,text,true,,529,560,15,15,https://api.demoblaze.com/addtocart,184,0,0
1785317219709,470,TC - Add To Cart,200,"Number of samples in transaction : 2, number of failing samples : 0",Scenario - Place Order 4-7,,true,,978,1064,15,15,null,470,6359,113
1785317226403,188,TR - View Cart-339,200,OK,Scenario - Place Order 4-5,text,true,,443,457,15,15,https://www.demoblaze.com/config.json,188,0,118
1785317226493,179,TR - Select Product-300,200,OK,Scenario - Place Order 4-15,text,true,,5330,522,15,15,https://www.demoblaze.com/prod.html?idp_=11,173,0,0
1785317226569,170,TR - View Cart-341,200,OK,Scenario - Place Order 4-2,text,true,,449,503,15,15,https://api.demoblaze.com/viewcart,170,0,0
1785317227070,218,TR - View Cart-324,200,OK,Scenario - Place Order 4-9,text,true,,5823,521,15,15,https://www.demoblaze.com/cart.html,216,0,0
1785317227156,186,TR - View Cart-340,200,OK,Scenario - Place Order 4-1,text,true,,449,500,15,15,https://api.demoblaze.com/check,186,0,0
1785317227286,183,TR - View Cart-339,200,OK,Scenario - Place Order 4-8,text,true,,541,457,15,15,https://www.demoblaze.com/config.json,183,0,0
1785317227499,173,TR - Select Product-317,200,OK,Scenario - Place Order 4-14,text,true,,449,499,15,15,https://api.demoblaze.com/view,173,0,0
1785317227983,190,TR - View Cart-340,200,OK,Scenario - Place Order 4-5,text,true,,449,500,15,15,https://api.demoblaze.com/check,190,0,0
1785317228138,206,TR - View Cart-324,200,OK,Scenario - Place Order 4-7,text,true,,5681,521,15,15,https://www.demoblaze.com/cart.html,206,0,0
1785317228539,197,TR - View Cart-345,200,OK,Scenario - Place Order 4-3,text,true,,626,458,15,15,https://api.demoblaze.com/view,197,0,0
1785317196160,1513,TC - View Cart,200,"Number of samples in transaction : 8, number of failing samples : 0",Scenario - Place Order 4-3,,true,,9505,3896,15,15,null,1512,31063,123
1785317228593,179,TR - View Cart-342,200,OK,Scenario - Place Order 4-2,text,true,,568,471,15,15,https://api.demoblaze.com/check,179,0,0
1785317228723,196,TR - View Cart-343,200,OK,Scenario - Place Order 4-11,text,true,,450,487,15,15,https://api.demoblaze.com/viewcart,196,0,0
1785317228975,204,TR - View Cart-343,200,OK,Scenario - Place Order 4-4,text,true,,567,487,15,15,https://api.demoblaze.com/viewcart,204,0,0
1785317229558,189,TR - View Cart-324,200,OK,Scenario - Place Order 4-13,text,true,,5684,521,15,15,https://www.demoblaze.com/cart.html,184,0,0
1785317230018,298,TR - View Cart-340,200,OK,Scenario - Place Order 4-8,text,true,,449,500,15,15,https://api.demoblaze.com/check,298,0,117
1785317230356,175,TR - Select Product-314,200,OK,Scenario - Place Order 4-15,text,true,,538,465,15,15,https://www.demoblaze.com/config.json,174,0,0
1785317230528,67,TR - View Cart-339,200,OK,Scenario - Place Order 4-9,text,true,,618,457,15,15,https://www.demoblaze.com/config.json,67,0,0
1785317230852,63,TR - View Cart-339,200,OK,Scenario - Place Order 4-13,text,true,,668,457,15,15,https://www.demoblaze.com/config.json,63,0,0
1785317230978,196,TR - Add to cart-322,200,OK,Scenario - Place Order 4-12,text,true,,449,504,15,15,https://api.demoblaze.com/addtocart,196,0,0
1785317231168,176,TR - View Cart-340,200,OK,Scenario - Place Order 4-6,text,true,,449,500,15,15,https://api.demoblaze.com/check,176,0,0
1785317231354,194,TR - Select Product-320,200,OK,Scenario - Place Order 4-14,text,true,,456,471,15,15,https://api.demoblaze.com/check,194,0,0
1785317231598,181,TR - View Cart-341,200,OK,Scenario - Place Order 4-5,text,true,,449,503,15,15,https://api.demoblaze.com/viewcart,181,0,0
1785317231699,182,TR - View Cart-341,200,OK,Scenario - Place Order 4-8,text,true,,449,503,15,15,https://api.demoblaze.com/viewcart,182,0,0
1785317231772,172,TR - View Cart-341,200,OK,Scenario - Place Order 4-1,text,true,,449,503,15,15,https://api.demoblaze.com/viewcart,172,0,0
1785317231632,314,TR - Select Product-319,200,OK,Scenario - Place Order 4-10,text,true,,836,461,15,15,https://api.demoblaze.com/view,314,0,121
1785317206048,1125,TC - Select Product,200,"Number of samples in transaction : 6, number of failing samples : 0",Scenario - Place Order 4-10,,true,,8277,2918,15,15,null,1120,24773,121
1785317231835,193,TR - View Cart-343,200,OK,Scenario - Place Order 4-2,text,true,,595,487,15,15,https://api.demoblaze.com/viewcart,193,0,0
1785317231904,323,TR - View Cart-340,200,OK,Scenario - Place Order 4-9,text,true,,449,500,15,15,https://api.demoblaze.com/check,323,0,122
1785317232143,177,TR - Select Product-316,200,OK,Scenario - Place Order 4-15,text,true,,449,500,15,15,https://api.demoblaze.com/check,177,0,0
1785317232364,185,TR - View Cart-344,200,OK,Scenario - Place Order 4-4,text,true,,449,499,15,15,https://api.demoblaze.com/view,185,0,0
1785317232380,176,TR - Place Order-352,200,OK,Scenario - Place Order 4-3,text,true,,449,505,15,15,https://api.demoblaze.com/deletecart,176,0,0
1785317232833,181,TR - Add to cart-323,200,OK,Scenario - Place Order 4-12,text,true,,526,560,15,15,https://api.demoblaze.com/addtocart,180,0,0
1785317225167,377,TC - Add To Cart,200,"Number of samples in transaction : 2, number of failing samples : 0",Scenario - Place Order 4-12,,true,,975,1064,15,15,null,376,7470,0
1785317233000,306,TR - View Cart-339,200,OK,Scenario - Place Order 4-7,text,true,,655,457,15,15,https://www.demoblaze.com/config.json,305,0,121
1785317233675,182,TR - View Cart-341,200,OK,Scenario - Place Order 4-6,text,true,,449,503,15,15,https://api.demoblaze.com/viewcart,182,0,0
1785317233726,191,TR - Select Product-319,200,OK,Scenario - Place Order 4-14,text,true,,684,461,15,15,https://api.demoblaze.com/view,191,0,0
1785317216646,984,TC - Select Product,200,"Number of samples in transaction : 6, number of failing samples : 0",Scenario - Place Order 4-14,,true,,7997,2918,15,15,null,980,16288,0
1785317233825,175,TR - Select Product-317,200,OK,Scenario - Place Order 4-15,text,true,,449,499,15,15,https://api.demoblaze.com/view,175,0,0
1785317234438,298,TR - View Cart-344,200,OK,Scenario - Place Order 4-11,text,true,,449,499,15,15,https://api.demoblaze.com/view,298,0,124
1785317234861,177,TR - View Cart-342,200,OK,Scenario - Place Order 4-8,text,true,,471,471,15,15,https://api.demoblaze.com/check,177,0,0
1785317234904,189,TR - View Cart-340,200,OK,Scenario - Place Order 4-7,text,true,,449,500,15,15,https://api.demoblaze.com/check,189,0,0
1785317235669,175,TR - View Cart-340,200,OK,Scenario - Place Order 4-13,text,true,,449,500,15,15,https://api.demoblaze.com/check,175,0,0
1785317235768,180,TR - View Cart-341,200,OK,Scenario - Place Order 4-9,text,true,,449,503,15,15,https://api.demoblaze.com/viewcart,180,0,0
1785317235820,180,TR - View Cart-324,200,OK,Scenario - Place Order 4-12,text,true,,5721,521,15,15,https://www.demoblaze.com/cart.html,175,0,0
1785317235814,202,TR - Select Product-320,200,OK,Scenario - Place Order 4-15,text,true,,546,471,15,15,https://api.demoblaze.com/check,202,0,0
1785317235831,190,TR - View Cart-344,200,OK,Scenario - Place Order 4-2,text,true,,449,499,15,15,https://api.demoblaze.com/view,190,0,0
1785317236187,191,TR - View Cart-345,200,OK,Scenario - Place Order 4-4,text,true,,664,458,15,15,https://api.demoblaze.com/view,191,0,0
1785317208003,1771,TC - View Cart,200,"Number of samples in transaction : 8, number of failing samples : 0",Scenario - Place Order 4-4,,true,,9263,3896,15,15,null,1760,26604,239
1785317236764,196,TR - View Cart-343,200,OK,Scenario - Place Order 4-8,text,true,,667,487,15,15,https://api.demoblaze.com/viewcart,196,0,0
1785317237097,182,TR - View Cart-342,200,OK,Scenario - Place Order 4-5,text,true,,520,471,15,15,https://api.demoblaze.com/check,182,0,0
1785317237221,189,TR - Place Order-353,200,OK,Scenario - Place Order 4-3,text,true,,316,496,15,15,https://api.demoblaze.com/deletecart,189,0,0
1785317237412,204,TR - View Cart-342,200,OK,Scenario - Place Order 4-9,text,true,,443,471,15,15,https://api.demoblaze.com/check,204,0,0
1785317237760,182,TR - Add to cart-322,200,OK,Scenario - Place Order 4-10,text,true,,449,504,15,15,https://api.demoblaze.com/addtocart,182,0,0
1785317237799,193,TR - View Cart-342,200,OK,Scenario - Place Order 4-1,text,true,,661,471,15,15,https://api.demoblaze.com/check,193,0,0
1785317238200,181,TR - Select Product-319,200,OK,Scenario - Place Order 4-15,text,true,,677,461,15,15,https://api.demoblaze.com/view,181,0,0
1785317222578,1089,TC - Select Product,200,"Number of samples in transaction : 6, number of failing samples : 0",Scenario - Place Order 4-15,,true,,7989,2918,15,15,null,1082,14714,0
1785317238745,180,TR - Add to cart-322,200,OK,Scenario - Place Order 4-14,text,true,,449,504,15,15,https://api.demoblaze.com/addtocart,180,0,0
1785317238985,192,TR - View Cart-342,200,OK,Scenario - Place Order 4-6,text,true,,474,471,15,15,https://api.demoblaze.com/check,192,0,0
1785317239092,191,TR - View Cart-341,200,OK,Scenario - Place Order 4-7,text,true,,449,503,15,15,https://api.demoblaze.com/viewcart,191,0,0
1785317239513,320,TR - View Cart-339,200,OK,Scenario - Place Order 4-12,text,true,,604,457,15,15,https://www.demoblaze.com/config.json,318,0,119
1785317239879,194,TR - View Cart-345,200,OK,Scenario - Place Order 4-2,text,true,,620,458,15,15,https://api.demoblaze.com/view,194,0,0
1785317211600,1494,TC - View Cart,200,"Number of samples in transaction : 8, number of failing samples : 0",Scenario - Place Order 4-2,,true,,9350,3896,15,15,null,1490,26980,126
1785317239944,172,TR - Place Order-352,200,OK,Scenario - Place Order 4-4,text,true,,449,505,15,15,https://api.demoblaze.com/deletecart,172,0,0
1785317239938,202,TR - View Cart-345,200,OK,Scenario - Place Order 4-11,text,true,,695,458,15,15,https://api.demoblaze.com/view,202,0,0
1785317212349,1489,TC - View Cart,200,"Number of samples in transaction : 8, number of failing samples : 0",Scenario - Place Order 4-11,,true,,9144,3896,15,15,null,1481,26302,124
1785317240111,286,TR - Place Order-354,200,OK,Scenario - Place Order 4-3,text,true,,5047,514,15,15,https://www.demoblaze.com/index.html,284,0,116
1785317240697,196,TR - Add to cart-323,200,OK,Scenario - Place Order 4-14,text,true,,575,560,15,15,https://api.demoblaze.com/addtocart,196,0,0
1785317233918,376,TC - Add To Cart,200,"Number of samples in transaction : 2, number of failing samples : 0",Scenario - Place Order 4-14,,true,,1024,1064,15,15,null,376,6599,0
1785317240963,183,TR - View Cart-342,200,OK,Scenario - Place Order 4-7,text,true,,477,471,15,15,https://api.demoblaze.com/check,182,0,0
1785317241487,170,TR - View Cart-344,200,OK,Scenario - Place Order 4-8,text,true,,449,499,15,15,https://api.demoblaze.com/view,170,0,0
1785317241594,310,TR - View Cart-341,200,OK,Scenario - Place Order 4-13,text,true,,449,503,15,15,https://api.demoblaze.com/viewcart,310,0,127
1785317241968,182,TR - View Cart-343,200,OK,Scenario - Place Order 4-6,text,true,,552,487,15,15,https://api.demoblaze.com/viewcart,182,0,0
1785317242079,184,TR - View Cart-343,200,OK,Scenario - Place Order 4-5,text,true,,609,487,15,15,https://api.demoblaze.com/viewcart,184,0,0
1785317242249,173,TR - View Cart-340,200,OK,Scenario - Place Order 4-12,text,true,,449,500,15,15,https://api.demoblaze.com/check,173,0,0
1785317242308,181,TR - View Cart-343,200,OK,Scenario - Place Order 4-1,text,true,,475,487,15,15,https://api.demoblaze.com/viewcart,181,0,0
1785317242487,177,TR - Add to cart-322,200,OK,Scenario - Place Order 4-15,text,true,,449,504,15,15,https://api.demoblaze.com/addtocart,177,0,0
1785317242527,184,TR - Place Order-370,200,OK,Scenario - Place Order 4-3,text,true,,494,458,15,15,https://www.demoblaze.com/config.json,183,0,0
1785317242633,198,TR - View Cart-324,200,OK,Scenario - Place Order 4-14,text,true,,5831,521,15,15,https://www.demoblaze.com/cart.html,193,0,0
1785317242718,187,TR - View Cart-345,200,OK,Scenario - Place Order 4-8,text,true,,700,458,15,15,https://api.demoblaze.com/view,186,0,0
1785317218010,1590,TC - View Cart,200,"Number of samples in transaction : 8, number of failing samples : 0",Scenario - Place Order 4-8,,true,,9508,3896,15,15,null,1588,23305,247
1785317243048,193,TR - Add to cart-323,200,OK,Scenario - Place Order 4-10,text,true,,616,560,15,15,https://api.demoblaze.com/addtocart,193,0,0
1785317231946,375,TC - Add To Cart,200,"Number of samples in transaction : 2, number of failing samples : 0",Scenario - Place Order 4-10,,true,,1065,1064,15,15,null,375,10921,0
1785317243192,185,TR - Place Order-352,200,OK,Scenario - Place Order 4-2,text,true,,449,505,15,15,https://api.demoblaze.com/deletecart,185,0,0
1785317243604,199,TR - View Cart-343,200,OK,Scenario - Place Order 4-9,text,true,,680,487,15,15,https://api.demoblaze.com/viewcart,199,0,0
1785317243714,195,TR - View Cart-343,200,OK,Scenario - Place Order 4-7,text,true,,485,487,15,15,https://api.demoblaze.com/viewcart,194,0,0
1785317243827,182,TR - Place Order-372,200,OK,Scenario - Place Order 4-3,text,true,,449,500,15,15,https://api.demoblaze.com/check,182,0,0
1785317244153,185,TR - Add to cart-323,200,OK,Scenario - Place Order 4-15,text,true,,673,560,15,15,https://api.demoblaze.com/addtocart,185,0,0
1785317238381,362,TC - Add To Cart,200,"Number of samples in transaction : 2, number of failing samples : 0",Scenario - Place Order 4-15,,true,,1122,1064,15,15,null,362,5596,0
1785317244202,180,TR - View Cart-344,200,OK,Scenario - Place Order 4-1,text,true,,449,499,15,15,https://api.demoblaze.com/view,180,0,0
1785317244882,183,TR - View Cart-344,200,OK,Scenario - Place Order 4-9,text,true,,449,499,15,15,https://api.demoblaze.com/view,183,0,0
1785317244906,193,TR - Place Order-353,200,OK,Scenario - Place Order 4-4,text,true,,316,496,15,15,https://api.demoblaze.com/deletecart,193,0,0
1785317244927,198,TR - View Cart-342,200,OK,Scenario - Place Order 4-13,text,true,,528,471,15,15,https://api.demoblaze.com/check,196,0,0
1785317244998,188,TR - View Cart-341,200,OK,Scenario - Place Order 4-12,text,true,,449,503,15,15,https://api.demoblaze.com/viewcart,188,0,0
1785317245516,195,TR - Place Order-352,200,OK,Scenario - Place Order 4-11,text,true,,449,505,15,15,https://api.demoblaze.com/deletecart,195,0,0
1785317245666,189,TR - View Cart-339,200,OK,Scenario - Place Order 4-14,text,true,,548,457,15,15,https://www.demoblaze.com/config.json,188,0,125
1785317245924,174,TR - Place Order-352,200,OK,Scenario - Place Order 4-8,text,true,,449,505,15,15,https://api.demoblaze.com/deletecart,174,0,0
1785317246492,183,TR - Place Order-353,200,OK,Scenario - Place Order 4-2,text,true,,316,496,15,15,https://api.demoblaze.com/deletecart,183,0,0
1785317246643,190,TR - View Cart-345,200,OK,Scenario - Place Order 4-1,text,true,,770,458,15,15,https://api.demoblaze.com/view,190,0,0
1785317211384,1478,TC - View Cart,200,"Number of samples in transaction : 8, number of failing samples : 0",Scenario - Place Order 4-1,,true,,9799,3896,15,15,null,1473,33971,114
1785317246715,186,TR - Place Order-353,200,OK,Scenario - Place Order 4-11,text,true,,316,496,15,15,https://api.demoblaze.com/deletecart,186,0,0
1785317246798,308,TR - View Cart-342,200,OK,Scenario - Place Order 4-12,text,true,,662,471,15,15,https://api.demoblaze.com/check,307,0,119
1785317247082,171,TR - View Cart-344,200,OK,Scenario - Place Order 4-5,text,true,,449,499,15,15,https://api.demoblaze.com/view,171,0,0
1785317247085,171,TR - View Cart-344,200,OK,Scenario - Place Order 4-7,text,true,,449,499,15,15,https://api.demoblaze.com/view,171,0,0
1785317247415,194,TR - Place Order-371,200,OK,Scenario - Place Order 4-3,text,true,,1474,400,15,15,https://api.demoblaze.com/entries,194,0,0
1785317247730,202,TR - View Cart-343,200,OK,Scenario - Place Order 4-13,text,true,,514,487,15,15,https://api.demoblaze.com/viewcart,202,0,0
1785317247837,176,TR - View Cart-344,200,OK,Scenario - Place Order 4-6,text,true,,449,499,15,15,https://api.demoblaze.com/view,176,0,0
1785317248111,195,TR - View Cart-345,200,OK,Scenario - Place Order 4-9,text,true,,627,458,15,15,https://api.demoblaze.com/view,194,0,0
1785317222609,1569,TC - View Cart,200,"Number of samples in transaction : 8, number of failing samples : 0",Scenario - Place Order 4-9,,true,,9538,3896,15,15,null,1566,24129,122
1785317248200,207,TR - Place Order-353,200,OK,Scenario - Place Order 4-8,text,true,,316,496,15,15,https://api.demoblaze.com/deletecart,207,0,0
1785317248348,175,TR - Place Order-352,200,OK,Scenario - Place Order 4-1,text,true,,449,505,15,15,https://api.demoblaze.com/deletecart,175,0,0
1785317248518,196,TR - View Cart-345,200,OK,Scenario - Place Order 4-5,text,true,,610,458,15,15,https://api.demoblaze.com/view,196,0,0
1785317217862,1472,TC - View Cart,200,"Number of samples in transaction : 8, number of failing samples : 0",Scenario - Place Order 4-5,,true,,9489,3896,15,15,null,1465,29380,118
1785317248561,297,TR - View Cart-324,200,OK,Scenario - Place Order 4-10,text,true,,5744,521,15,15,https://www.demoblaze.com/cart.html,295,0,122
1785317249284,185,TR - View Cart-324,200,OK,Scenario - Place Order 4-15,text,true,,5760,521,15,15,https://www.demoblaze.com/cart.html,179,0,0
1785317249701,173,TR - View Cart-340,200,OK,Scenario - Place Order 4-14,text,true,,449,500,15,15,https://api.demoblaze.com/check,173,0,0
1785317249960,193,TR - View Cart-344,200,OK,Scenario - Place Order 4-13,text,true,,449,499,15,15,https://api.demoblaze.com/view,193,0,0
1785317250542,229,TR - Place Order-354,200,OK,Scenario - Place Order 4-4,text,true,,17517,514,15,15,https://www.demoblaze.com/index.html,184,0,0
1785317250983,180,TR - View Cart-343,200,OK,Scenario - Place Order 4-12,text,true,,520,487,15,15,https://api.demoblaze.com/viewcart,180,0,0
1785317251606,186,TR - Place Order-354,200,OK,Scenario - Place Order 4-2,text,true,,4922,514,15,15,https://www.demoblaze.com/index.html,183,0,0
1785317251533,301,TR - Place Order-354,200,OK,Scenario - Place Order 4-11,text,true,,4911,514,15,15,https://www.demoblaze.com/index.html,299,0,117
1785317251852,168,TR - View Cart-341,200,OK,Scenario - Place Order 4-14,text,true,,449,503,15,15,https://api.demoblaze.com/viewcart,168,0,0
1785317252151,181,TR - Place Order-370,200,OK,Scenario - Place Order 4-4,text,true,,429,458,15,15,https://www.demoblaze.com/config.json,181,0,0
1785317252274,171,TR - Place Order-352,200,OK,Scenario - Place Order 4-5,text,true,,449,505,15,15,https://api.demoblaze.com/deletecart,171,0,0
1785317252430,175,TR - Place Order-354,200,OK,Scenario - Place Order 4-8,text,true,,4989,514,15,15,https://www.demoblaze.com/index.html,171,0,0
1785317252565,193,TR - View Cart-345,200,OK,Scenario - Place Order 4-7,text,true,,698,458,15,15,https://api.demoblaze.com/view,193,0,0
1785317226538,1634,TC - View Cart,200,"Number of samples in transaction : 8, number of failing samples : 0",Scenario - Place Order 4-7,,true,,9343,3896,15,15,null,1631,24586,121
1785317252673,181,TR - View Cart-345,200,OK,Scenario - Place Order 4-6,text,true,,754,458,15,15,https://api.demoblaze.com/view,181,0,0
1785317221313,1573,TC - View Cart,200,"Number of samples in transaction : 8, number of failing samples : 0",Scenario - Place Order 4-6,,true,,9165,3896,15,15,null,1560,29968,119
1785317253036,171,TR - View Cart-339,200,OK,Scenario - Place Order 4-15,text,true,,416,457,15,15,https://www.demoblaze.com/config.json,170,0,0
1785317253155,189,TR - Place Order-373,200,OK,Scenario - Place Order 4-3,text,true,,495,471,15,15,https://api.demoblaze.com/check,188,0,0
1785317228736,1400,TC - Place Order,200,"Number of samples in transaction : 7, number of failing samples : 0",Scenario - Place Order 4-3,,true,,8724,3344,15,15,null,1396,23208,116
1785317253229,184,TR - View Cart-344,200,OK,Scenario - Place Order 4-12,text,true,,449,499,15,15,https://api.demoblaze.com/view,184,0,0
1785317253588,203,TR - Place Order-353,200,OK,Scenario - Place Order 4-1,text,true,,316,496,15,15,https://api.demoblaze.com/deletecart,203,0,0
1785317253759,184,TR - Place Order-353,200,OK,Scenario - Place Order 4-5,text,true,,316,496,15,15,https://api.demoblaze.com/deletecart,184,0,0
1785317253915,184,TR - Place Order-370,200,OK,Scenario - Place Order 4-8,text,true,,523,458,15,15,https://www.demoblaze.com/config.json,184,0,0
1785317254111,68,TR - View Cart-339,200,OK,Scenario - Place Order 4-10,text,true,,477,457,15,15,https://www.demoblaze.com/config.json,68,0,0
1785317254044,187,TR - Place Order-352,200,OK,Scenario - Place Order 4-9,text,true,,449,505,15,15,https://api.demoblaze.com/deletecart,187,0,0
1785317254301,171,TR - Place Order-372,200,OK,Scenario - Place Order 4-4,text,true,,449,500,15,15,https://api.demoblaze.com/check,171,0,0
1785317254820,183,TR - View Cart-345,200,OK,Scenario - Place Order 4-13,text,true,,600,458,15,15,https://api.demoblaze.com/view,182,0,0
1785317225660,1513,TC - View Cart,200,"Number of samples in transaction : 8, number of failing samples : 0",Scenario - Place Order 4-13,,true,,9341,3896,15,15,null,1505,27830,127
1785317254904,197,TR - Place Order-352,200,OK,Scenario - Place Order 4-7,text,true,,449,505,15,15,https://api.demoblaze.com/deletecart,197,0,0
1785317255648,182,TR - View Cart-345,200,OK,Scenario - Place Order 4-12,text,true,,633,458,15,15,https://api.demoblaze.com/view,182,0,0
1785317233014,1715,TC - View Cart,200,"Number of samples in transaction : 8, number of failing samples : 0",Scenario - Place Order 4-12,,true,,9487,3896,15,15,null,1707,21101,238
1785317256046,62,TR - Place Order-370,200,OK,Scenario - Place Order 4-2,text,true,,455,458,15,15,https://www.demoblaze.com/config.json,62,0,0
1785317256418,172,TR - Place Order-370,200,OK,Scenario - Place Order 4-11,text,true,,497,458,15,15,https://www.demoblaze.com/config.json,172,0,0
1785317256524,185,TR - Place Order-352,200,OK,Scenario - Place Order 4-13,text,true,,449,505,15,15,https://api.demoblaze.com/deletecart,185,0,0
1785317256678,82,TR - Logout-381,200,OK,Scenario - Place Order 4-3,text,true,,17517,515,15,15,https://www.demoblaze.com/index.html,65,0,0
1785317256663,315,TR - View Cart-342,200,OK,Scenario - Place Order 4-14,text,true,,676,471,15,15,https://api.demoblaze.com/check,314,0,119
1785317256808,190,TR - Place Order-354,200,OK,Scenario - Place Order 4-1,text,true,,5237,514,15,15,https://www.demoblaze.com/index.html,186,0,0
1785317257875,234,TR - Place Order-352,200,OK,Scenario - Place Order 4-6,text,true,,449,505,15,15,https://api.demoblaze.com/deletecart,234,0,0
1785317258193,62,TR - Place Order-370,200,OK,Scenario - Place Order 4-1,text,true,,659,458,15,15,https://www.demoblaze.com/config.json,62,0,0
1785317258251,247,TR - Place Order-353,200,OK,Scenario - Place Order 4-7,text,true,,316,496,15,15,https://api.demoblaze.com/deletecart,247,0,0
1785317258500,72,TR - Place Order-354,200,OK,Scenario - Place Order 4-5,text,true,,5163,514,15,15,https://www.demoblaze.com/index.html,69,0,0
1785317258434,256,TR - Place Order-353,200,OK,Scenario - Place Order 4-9,text,true,,316,496,15,15,https://api.demoblaze.com/deletecart,256,0,0
1785317258382,309,TR - Place Order-371,200,OK,Scenario - Place Order 4-4,text,true,,1526,400,15,15,https://api.demoblaze.com/entries,308,0,0
1785317258697,181,TR - View Cart-340,200,OK,Scenario - Place Order 4-10,text,true,,449,500,15,15,https://api.demoblaze.com/check,181,0,0
1785317258619,299,TR - View Cart-340,200,OK,Scenario - Place Order 4-15,text,true,,449,500,15,15,https://api.demoblaze.com/check,299,0,120
1785317259053,172,TR - Place Order-372,200,OK,Scenario - Place Order 4-2,text,true,,449,500,15,15,https://api.demoblaze.com/check,172,0,0
1785317259079,227,TR - Place Order-372,200,OK,Scenario - Place Order 4-11,text,true,,449,500,15,15,https://api.demoblaze.com/check,227,0,0
1785317259691,219,TR - Place Order-372,200,OK,Scenario - Place Order 4-8,text,true,,449,500,15,15,https://api.demoblaze.com/check,219,0,0
1785317260008,217,TR - Place Order-353,200,OK,Scenario - Place Order 4-13,text,true,,316,496,15,15,https://api.demoblaze.com/deletecart,216,0,0
1785317260288,328,TR - Place Order-354,200,OK,Scenario - Place Order 4-7,text,true,,5130,514,15,15,https://www.demoblaze.com/index.html,327,0,0
1785317261264,242,TR - Place Order-352,200,OK,Scenario - Place Order 4-12,text,true,,449,505,15,15,https://api.demoblaze.com/deletecart,242,0,0
1785317261283,223,TR - Place Order-372,200,OK,Scenario - Place Order 4-1,text,true,,449,500,15,15,https://api.demoblaze.com/check,223,0,0
1785317261484,84,TR - Place Order-370,200,OK,Scenario - Place Order 4-5,text,true,,630,458,15,15,https://www.demoblaze.com/config.json,84,0,0
1785317261607,64,TR - Logout-396,200,OK,Scenario - Place Order 4-3,text,true,,474,458,15,15,https://www.demoblaze.com/config.json,64,0,0
1785317261974,224,TR - View Cart-343,200,OK,Scenario - Place Order 4-14,text,true,,667,487,15,15,https://api.demoblaze.com/viewcart,224,0,0
1785317262232,194,TR - Place Order-354,200,OK,Scenario - Place Order 4-13,text,true,,5054,514,15,15,https://www.demoblaze.com/index.html,193,0,128
1785317262874,180,TR - View Cart-341,200,OK,Scenario - Place Order 4-15,text,true,,449,503,15,15,https://api.demoblaze.com/viewcart,180,0,0
1785317263097,196,TR - Place Order-353,200,OK,Scenario - Place Order 4-6,text,true,,316,496,15,15,https://api.demoblaze.com/deletecart,196,0,0
1785317263440,173,TR - Place Order-370,200,OK,Scenario - Place Order 4-7,text,true,,439,458,15,15,https://www.demoblaze.com/config.json,173,0,0
1785317263466,171,TR - View Cart-344,200,OK,Scenario - Place Order 4-14,text,true,,449,499,15,15,https://api.demoblaze.com/view,171,0,0
1785317263523,180,TR - Place Order-373,200,OK,Scenario - Place Order 4-4,text,true,,595,471,15,15,https://api.demoblaze.com/check,180,0,0
1785317236378,1435,TC - Place Order,200,"Number of samples in transaction : 7, number of failing samples : 0",Scenario - Place Order 4-4,,true,,21281,3344,15,15,null,1389,25890,0
1785317263518,189,TR - Place Order-371,200,OK,Scenario - Place Order 4-2,text,true,,1461,400,15,15,https://api.demoblaze.com/entries,188,0,0
1785317263543,186,TR - Place Order-371,200,OK,Scenario - Place Order 4-11,text,true,,1498,400,15,15,https://api.demoblaze.com/entries,185,0,0
1785317264159,197,TR - Place Order-354,200,OK,Scenario - Place Order 4-9,text,true,,5068,514,15,15,https://www.demoblaze.com/index.html,194,0,123
1785317264316,193,TR - Place Order-371,200,OK,Scenario - Place Order 4-8,text,true,,1481,400,15,15,https://api.demoblaze.com/entries,192,0,0
1785317264396,181,TR - View Cart-341,200,OK,Scenario - Place Order 4-10,text,true,,449,503,15,15,https://api.demoblaze.com/viewcart,181,0,0
1785317264850,185,TR - Place Order-372,200,OK,Scenario - Place Order 4-7,text,true,,449,500,15,15,https://api.demoblaze.com/check,185,0,0
1785317265607,185,TR - Place Order-354,200,OK,Scenario - Place Order 4-6,text,true,,4998,514,15,15,https://www.demoblaze.com/index.html,179,0,0
1785317265646,186,TR - Logout-381,200,OK,Scenario - Place Order 4-4,text,true,,4984,515,15,15,https://www.demoblaze.com/index.html,184,0,0
1785317265823,186,TR - Place Order-372,200,OK,Scenario - Place Order 4-5,text,true,,449,500,15,15,https://api.demoblaze.com/check,186,0,0
1785317265838,171,TR - Place Order-370,200,OK,Scenario - Place Order 4-13,text,true,,486,458,15,15,https://www.demoblaze.com/config.json,171,0,0
1785317266147,192,TR - Place Order-353,200,OK,Scenario - Place Order 4-12,text,true,,316,496,15,15,https://api.demoblaze.com/deletecart,192,0,0
1785317266691,315,TR - Place Order-371,200,OK,Scenario - Place Order 4-1,text,true,,1535,400,15,15,https://api.demoblaze.com/entries,315,0,120
1785317266883,207,TR - Logout-397,200,OK,Scenario - Place Order 4-3,text,true,,1554,400,15,15,https://api.demoblaze.com/entries,207,0,0
1785317253344,353,TC - Logout,200,"Number of samples in transaction : 3, number of failing samples : 0",Scenario - Place Order 4-3,,true,,19545,1373,15,15,null,336,13393,0
1785317267091,174,TR - Open Home Page-243,200,OK,Scenario - Place Order 4-3,text,true,,4895,515,15,15,https://www.demoblaze.com/index.html,172,0,0
1785317267099,183,TR - View Cart-345,200,OK,Scenario - Place Order 4-14,text,true,,763,458,15,15,https://api.demoblaze.com/view,180,0,0
1785317240893,1621,TC - View Cart,200,"Number of samples in transaction : 8, number of failing samples : 0",Scenario - Place Order 4-14,,true,,9832,3896,15,15,null,1611,24768,244
1785317267265,178,TR - Open Home Page-259,200,OK,Scenario - Place Order 4-3,text,true,,604,458,15,15,https://www.demoblaze.com/config.json,178,0,0
1785317267443,208,TR - Open Home Page-260,200,OK,Scenario - Place Order 4-3,text,true,,1563,400,15,15,https://api.demoblaze.com/entries,208,0,0
1785317267651,173,TR - Login-268,200,OK,Scenario - Place Order 4-3,text,true,,449,500,15,15,https://api.demoblaze.com/login,173,0,0
1785317267821,176,TR - View Cart-342,200,OK,Scenario - Place Order 4-15,text,true,,615,471,15,15,https://api.demoblaze.com/check,176,0,0
1785317267825,217,TR - Login-269,200,OK,Scenario - Place Order 4-3,text,true,,587,519,15,15,https://api.demoblaze.com/login,217,0,0
1785317268043,186,TR - Login-270,200,OK,Scenario - Place Order 4-3,text,true,,4986,515,15,15,https://www.demoblaze.com/index.html,186,0,0
1785317268230,172,TR - Login-285,200,OK,Scenario - Place Order 4-3,text,true,,433,458,15,15,https://www.demoblaze.com/config.json,172,0,0
1785317268343,64,TR - Logout-396,200,OK,Scenario - Place Order 4-4,text,true,,499,458,15,15,https://www.demoblaze.com/config.json,64,0,0
1785317268402,186,TR - Login-286,200,OK,Scenario - Place Order 4-3,text,true,,449,500,15,15,https://api.demoblaze.com/check,186,0,0
1785317268589,233,TR - Login-287,200,OK,Scenario - Place Order 4-3,text,true,,1509,400,15,15,https://api.demoblaze.com/entries,233,0,0
1785317268545,311,TR - Place Order-373,200,OK,Scenario - Place Order 4-2,text,true,,501,471,15,15,https://api.demoblaze.com/check,311,0,128
1785317240074,1288,TC - Place Order,200,"Number of samples in transaction : 7, number of failing samples : 0",Scenario - Place Order 4-2,,true,,8553,3344,15,15,null,1284,27494,128
1785317268822,182,TR - Login-288,200,OK,Scenario - Place Order 4-3,text,true,,553,483,15,15,https://api.demoblaze.com/check,181,0,0
1785317268895,174,TR - Place Order-352,200,OK,Scenario - Place Order 4-14,text,true,,449,505,15,15,https://api.demoblaze.com/deletecart,174,0,0
1785317269027,209,TR - Place Order-373,200,OK,Scenario - Place Order 4-11,text,true,,571,471,15,15,https://api.demoblaze.com/check,206,0,0
1785317240140,1476,TC - Place Order,200,"Number of samples in transaction : 7, number of failing samples : 0",Scenario - Place Order 4-11,,true,,8691,3344,15,15,null,1470,27620,117
1785317269006,396,TR - View-350,200,OK,Scenario - Place Order 4-3,text,true,,937,360,15,15,https://merino.services.mozilla.com/api/v1/suggest?providers=geolocation&q=&sid=47aef6c4-f688-4e77-94a6-88686926762f&seq=0,396,0,158
1785317269402,237,TR - -351,200,OK,Scenario - Place Order 4-3,text,true,,1297,428,15,15,https://merino.services.mozilla.com/api/v1/suggest?q=&providers=accuweather&request_type=weather&source=newtab&country=EG&region=SHG&city=Sohag&sid=f22d748a-3950-4e53-945c-40ee74ebd7d0&seq=0,237,0,0
1785317269446,193,TR - Place Order-370,200,OK,Scenario - Place Order 4-9,text,true,,572,458,15,15,https://www.demoblaze.com/config.json,193,0,0
1785317269634,181,TR - Place Order-372,200,OK,Scenario - Place Order 4-13,text,true,,449,500,14,14,https://api.demoblaze.com/check,181,0,0
1785317269620,196,TR - Place Order-371,200,OK,Scenario - Place Order 4-5,text,true,,1624,400,14,14,https://api.demoblaze.com/entries,195,0,0
1785317269897,181,TR - View Cart-342,200,OK,Scenario - Place Order 4-10,text,true,,486,471,14,14,https://api.demoblaze.com/check,181,0,0
1785317270283,201,TR - Place Order-373,200,OK,Scenario - Place Order 4-8,text,true,,526,471,14,14,https://api.demoblaze.com/check,198,0,0
1785317242905,1353,TC - Place Order,200,"Number of samples in transaction : 7, number of failing samples : 0",Scenario - Place Order 4-8,,true,,8733,3344,14,14,null,1345,26226,0
1785317270428,202,TR - Place Order-371,200,OK,Scenario - Place Order 4-7,text,true,,1608,400,14,14,https://api.demoblaze.com/entries,202,0,0
1785317270581,184,TR - Place Order-354,200,OK,Scenario - Place Order 4-12,text,true,,4946,514,14,14,https://www.demoblaze.com/index.html,181,0,0
1785317270876,68,TR - Logout-381,200,OK,Scenario - Place Order 4-2,text,true,,4960,515,14,14,https://www.demoblaze.com/index.html,64,0,0
1785317271220,183,TR - Place Order-370,200,OK,Scenario - Place Order 4-6,text,true,,553,458,14,14,https://www.demoblaze.com/config.json,183,0,0
1785317271239,177,TR - View Cart-343,200,OK,Scenario - Place Order 4-10,text,true,,637,487,14,14,https://api.demoblaze.com/viewcart,177,0,0
1785317271557,193,TR - Logout-397,200,OK,Scenario - Place Order 4-4,text,true,,1519,400,14,14,https://api.demoblaze.com/entries,192,0,0
1785317263704,443,TC - Logout,200,"Number of samples in transaction : 3, number of failing samples : 0",Scenario - Place Order 4-4,,true,,7002,1373,14,14,null,440,7604,0
1785317271750,183,TR - Open Home Page-243,200,OK,Scenario - Place Order 4-4,text,true,,17517,515,14,14,https://www.demoblaze.com/index.html,170,0,0
1785317271933,65,TR - Open Home Page-259,200,OK,Scenario - Place Order 4-4,text,true,,614,458,14,14,https://www.demoblaze.com/config.json,65,0,0
1785317271897,181,TR - Place Order-373,200,OK,Scenario - Place Order 4-1,text,true,,513,471,14,14,https://api.demoblaze.com/check,181,0,0
1785317246834,1349,TC - Place Order,200,"Number of samples in transaction : 7, number of failing samples : 0",Scenario - Place Order 4-1,,true,,9158,3344,14,14,null,1345,23896,120
1785317271999,187,TR - Open Home Page-260,200,OK,Scenario - Place Order 4-4,text,true,,1580,400,14,14,https://api.demoblaze.com/entries,186,0,0
1785317272186,179,TR - Login-268,200,OK,Scenario - Place Order 4-4,text,true,,449,500,14,14,https://api.demoblaze.com/login,179,0,0
1785317272365,206,TR - Login-269,200,OK,Scenario - Place Order 4-4,text,true,,476,519,14,14,https://api.demoblaze.com/login,206,0,0
1785317272572,67,TR - Login-270,200,OK,Scenario - Place Order 4-4,text,true,,5079,515,14,14,https://www.demoblaze.com/index.html,64,0,0
1785317272482,201,TR - View Cart-343,200,OK,Scenario - Place Order 4-15,text,true,,646,487,14,14,https://api.demoblaze.com/viewcart,200,0,0
1785317272640,62,TR - Login-285,200,OK,Scenario - Place Order 4-4,text,true,,471,458,14,14,https://www.demoblaze.com/config.json,62,0,0
1785317272703,176,TR - Login-286,200,OK,Scenario - Place Order 4-4,text,true,,449,500,14,14,https://api.demoblaze.com/check,176,0,0
1785317272879,189,TR - Login-287,200,OK,Scenario - Place Order 4-4,text,true,,1438,400,14,14,https://api.demoblaze.com/entries,185,0,0
1785317273069,168,TR - Place Order-370,200,OK,Scenario - Place Order 4-12,text,true,,629,458,14,14,https://www.demoblaze.com/config.json,168,0,0
1785317273068,181,TR - Login-288,200,OK,Scenario - Place Order 4-4,text,true,,479,483,14,14,https://api.demoblaze.com/check,181,0,0
1785317273130,176,TR - Logout-381,200,OK,Scenario - Place Order 4-11,text,true,,4940,515,14,14,https://www.demoblaze.com/index.html,172,0,0
1785317273250,370,TR - View-350,200,OK,Scenario - Place Order 4-4,text,true,,937,360,14,14,https://merino.services.mozilla.com/api/v1/suggest?providers=geolocation&q=&sid=47aef6c4-f688-4e77-94a6-88686926762f&seq=0,370,0,128
1785317273620,300,TR - -351,200,OK,Scenario - Place Order 4-4,text,true,,1297,428,14,14,https://merino.services.mozilla.com/api/v1/suggest?q=&providers=accuweather&request_type=weather&source=newtab&country=EG&region=SHG&city=Sohag&sid=f22d748a-3950-4e53-945c-40ee74ebd7d0&seq=0,300,0,0
1785317273842,192,TR - Place Order-353,200,OK,Scenario - Place Order 4-14,text,true,,316,496,13,13,https://api.demoblaze.com/deletecart,192,0,0
1785317274550,192,TR - Place Order-373,200,OK,Scenario - Place Order 4-5,text,true,,574,471,13,13,https://api.demoblaze.com/check,192,0,0
1785317248714,1085,TC - Place Order,200,"Number of samples in transaction : 7, number of failing samples : 0",Scenario - Place Order 4-5,,true,,9205,3344,13,13,null,1081,24943,0
1785317274779,71,TR - Logout-381,200,OK,Scenario - Place Order 4-1,text,true,,4894,515,13,13,https://www.demoblaze.com/index.html,69,0,0
1785317275203,180,TR - Place Order-373,200,OK,Scenario - Place Order 4-7,text,true,,638,471,13,13,https://api.demoblaze.com/check,180,0,0
1785317252758,1512,TC - Place Order,200,"Number of samples in transaction : 7, number of failing samples : 0",Scenario - Place Order 4-7,,true,,9029,3344,13,13,null,1511,21113,0
1785317275261,186,TR - Place Order-372,200,OK,Scenario - Place Order 4-9,text,true,,449,500,13,13,https://api.demoblaze.com/check,186,0,0
1785317275288,171,TR - Place Order-372,200,OK,Scenario - Place Order 4-12,text,true,,449,500,13,13,https://api.demoblaze.com/check,171,0,0
1785317275424,184,TR - Place Order-372,200,OK,Scenario - Place Order 4-6,text,true,,449,500,13,13,https://api.demoblaze.com/check,184,0,0
1785317275458,188,TR - Place Order-371,200,OK,Scenario - Place Order 4-13,text,true,,1427,400,13,13,https://api.demoblaze.com/entries,187,0,0
1785317275508,176,TR - Logout-381,200,OK,Scenario - Place Order 4-8,text,true,,4945,515,13,13,https://www.demoblaze.com/index.html,171,0,0
1785317275855,68,TR - Logout-396,200,OK,Scenario - Place Order 4-2,text,true,,585,458,13,13,https://www.demoblaze.com/config.json,67,0,0
1785317276679,183,TR - View Cart-344,200,OK,Scenario - Place Order 4-10,text,true,,449,499,13,13,https://api.demoblaze.com/view,183,0,0
1785317277517,187,TR - Place Order-354,200,OK,Scenario - Place Order 4-14,text,true,,4956,514,13,13,https://www.demoblaze.com/index.html,183,0,0
1785317277873,192,TR - Logout-396,200,OK,Scenario - Place Order 4-1,text,true,,505,458,13,13,https://www.demoblaze.com/config.json,192,0,0
1785317278709,66,TR - Logout-396,200,OK,Scenario - Place Order 4-11,text,true,,605,458,13,13,https://www.demoblaze.com/config.json,66,0,0
1785317278679,183,TR - View Cart-344,200,OK,Scenario - Place Order 4-15,text,true,,449,499,13,13,https://api.demoblaze.com/view,183,0,0
1785317278694,202,TR - Logout-397,200,OK,Scenario - Place Order 4-2,text,true,,1550,400,13,13,https://api.demoblaze.com/entries,202,0,0
1785317268856,338,TC - Logout,200,"Number of samples in transaction : 3, number of failing samples : 0",Scenario - Place Order 4-2,,true,,7095,1373,13,13,null,333,9702,0
1785317278897,193,TR - Open Home Page-243,200,OK,Scenario - Place Order 4-2,text,true,,5083,515,13,13,https://www.demoblaze.com/index.html,193,0,121
1785317278923,179,TR - Place Order-370,200,OK,Scenario - Place Order 4-14,text,true,,636,458,13,13,https://www.demoblaze.com/config.json,179,0,0
1785317279091,181,TR - Open Home Page-259,200,OK,Scenario - Place Order 4-2,text,true,,659,458,13,13,https://www.demoblaze.com/config.json,181,0,0
1785317279273,185,TR - Open Home Page-260,200,OK,Scenario - Place Order 4-2,text,true,,1669,400,13,13,https://api.demoblaze.com/entries,185,0,0
1785317279370,207,TR - Place Order-371,200,OK,Scenario - Place Order 4-6,text,true,,1451,400,13,13,https://api.demoblaze.com/entries,206,0,0
1785317279458,173,TR - Login-268,200,OK,Scenario - Place Order 4-2,text,true,,449,500,13,13,https://api.demoblaze.com/login,173,0,0
1785317279629,198,TR - Place Order-371,200,OK,Scenario - Place Order 4-9,text,true,,1654,400,13,13,https://api.demoblaze.com/entries,198,0,0
1785317279632,203,TR - Login-269,200,OK,Scenario - Place Order 4-2,text,true,,630,519,13,13,https://api.demoblaze.com/login,203,0,0
1785317279835,66,TR - Login-270,200,OK,Scenario - Place Order 4-2,text,true,,5094,515,13,13,https://www.demoblaze.com/index.html,63,0,0
1785317279902,66,TR - Login-285,200,OK,Scenario - Place Order 4-2,text,true,,512,458,13,13,https://www.demoblaze.com/config.json,63,0,0
1785317279968,184,TR - Login-286,200,OK,Scenario - Place Order 4-2,text,true,,449,500,13,13,https://api.demoblaze.com/check,184,0,0
1785317279989,183,TR - Place Order-373,200,OK,Scenario - Place Order 4-13,text,true,,516,471,13,13,https://api.demoblaze.com/check,183,0,0
1785317255003,1319,TC - Place Order,200,"Number of samples in transaction : 7, number of failing samples : 0",Scenario - Place Order 4-13,,true,,8697,3344,13,13,null,1316,23851,128
1785317280157,197,TR - Login-287,200,OK,Scenario - Place Order 4-2,text,true,,1651,400,13,13,https://api.demoblaze.com/entries,196,0,0
1785317280354,185,TR - Login-288,200,OK,Scenario - Place Order 4-2,text,true,,556,483,13,13,https://api.demoblaze.com/check,184,0,0
1785317280479,175,TR - Logout-381,200,OK,Scenario - Place Order 4-5,text,true,,5035,515,13,13,https://www.demoblaze.com/index.html,171,0,0
1785317280742,178,TR - View Cart-345,200,OK,Scenario - Place Order 4-10,text,true,,651,458,13,13,https://api.demoblaze.com/view,178,0,0
1785317243242,1446,TC - View Cart,200,"Number of samples in transaction : 8, number of failing samples : 0",Scenario - Place Order 4-10,,true,,9342,3896,13,13,null,1444,36233,122
1785317280541,453,TR - View-350,200,OK,Scenario - Place Order 4-2,text,true,,937,360,13,13,https://merino.services.mozilla.com/api/v1/suggest?providers=geolocation&q=&sid=47aef6c4-f688-4e77-94a6-88686926762f&seq=0,453,0,130
1785317280930,83,TR - Logout-381,200,OK,Scenario - Place Order 4-7,text,true,,17517,515,13,13,https://www.demoblaze.com/index.html,65,0,0
1785317280829,201,TR - Place Order-371,200,OK,Scenario - Place Order 4-12,text,true,,1629,400,13,13,https://api.demoblaze.com/entries,198,0,0
1785317280880,191,TR - Place Order-373,200,OK,Scenario - Place Order 4-6,text,true,,697,471,13,13,https://api.demoblaze.com/check,190,0,0
1785317252854,1380,TC - Place Order,200,"Number of samples in transaction : 7, number of failing samples : 0",Scenario - Place Order 4-6,,true,,8913,3344,13,13,null,1372,26837,0
1785317280995,360,TR - -351,200,OK,Scenario - Place Order 4-2,text,true,,1297,428,13,13,https://merino.services.mozilla.com/api/v1/suggest?q=&providers=accuweather&request_type=weather&source=newtab&country=EG&region=SHG&city=Sohag&sid=f22d748a-3950-4e53-945c-40ee74ebd7d0&seq=0,360,0,0
1785317281443,200,TR - Logout-397,200,OK,Scenario - Place Order 4-11,text,true,,1663,400,12,12,https://api.demoblaze.com/entries,199,0,0
1785317269236,442,TC - Logout,200,"Number of samples in transaction : 3, number of failing samples : 0",Scenario - Place Order 4-11,,true,,7208,1373,12,12,null,437,11965,0
1785317281477,193,TR - Logout-396,200,OK,Scenario - Place Order 4-8,text,true,,614,458,12,12,https://www.demoblaze.com/config.json,193,0,0
1785317281644,199,TR - Open Home Page-243,200,OK,Scenario - Place Order 4-11,text,true,,5113,515,12,12,https://www.demoblaze.com/index.html,196,0,0
1785317281843,61,TR - Open Home Page-259,200,OK,Scenario - Place Order 4-11,text,true,,476,458,12,12,https://www.demoblaze.com/config.json,61,0,0
1785317281905,187,TR - Open Home Page-260,200,OK,Scenario - Place Order 4-11,text,true,,1462,400,12,12,https://api.demoblaze.com/entries,187,0,0
1785317282024,198,TR - Logout-397,200,OK,Scenario - Place Order 4-1,text,true,,1635,400,12,12,https://api.demoblaze.com/entries,198,0,0
1785317272079,461,TC - Logout,200,"Number of samples in transaction : 3, number of failing samples : 0",Scenario - Place Order 4-1,,true,,7034,1373,12,12,null,459,9683,0
1785317282093,182,TR - Login-268,200,OK,Scenario - Place Order 4-11,text,true,,449,500,12,12,https://api.demoblaze.com/login,182,0,0
1785317282223,192,TR - Open Home Page-243,200,OK,Scenario - Place Order 4-1,text,true,,17517,515,12,12,https://www.demoblaze.com/index.html,172,0,0
1785317282275,200,TR - Login-269,200,OK,Scenario - Place Order 4-11,text,true,,443,519,12,12,https://api.demoblaze.com/login,200,0,0
1785317282415,62,TR - Open Home Page-259,200,OK,Scenario - Place Order 4-1,text,true,,450,458,12,12,https://www.demoblaze.com/config.json,62,0,0
1785317282475,180,TR - Login-270,200,OK,Scenario - Place Order 4-11,text,true,,4914,515,12,12,https://www.demoblaze.com/index.html,177,0,0
1785317282477,204,TR - Open Home Page-260,200,OK,Scenario - Place Order 4-1,text,true,,1449,400,12,12,https://api.demoblaze.com/entries,204,0,0
1785317282656,65,TR - Login-285,200,OK,Scenario - Place Order 4-11,text,true,,624,458,12,12,https://www.demoblaze.com/config.json,65,0,0
1785317282668,183,TR - Place Order-352,200,OK,Scenario - Place Order 4-10,text,true,,449,505,12,12,https://api.demoblaze.com/deletecart,183,0,0
1785317282682,169,TR - Login-268,200,OK,Scenario - Place Order 4-1,text,true,,449,500,12,12,https://api.demoblaze.com/login,169,0,0
1785317282721,183,TR - Login-286,200,OK,Scenario - Place Order 4-11,text,true,,449,500,12,12,https://api.demoblaze.com/check,183,0,0
1785317282806,191,TR - View Cart-345,200,OK,Scenario - Place Order 4-15,text,true,,702,458,12,12,https://api.demoblaze.com/view,191,0,0
1785317244339,1586,TC - View Cart,200,"Number of samples in transaction : 8, number of failing samples : 0",Scenario - Place Order 4-15,,true,,9486,3896,12,12,null,1578,37072,120
1785317282851,190,TR - Login-269,200,OK,Scenario - Place Order 4-1,text,true,,584,519,12,12,https://api.demoblaze.com/login,190,0,0
1785317282873,189,TR - Logout-396,200,OK,Scenario - Place Order 4-7,text,true,,482,458,12,12,https://www.demoblaze.com/config.json,189,0,0
1785317282905,198,TR - Login-287,200,OK,Scenario - Place Order 4-11,text,true,,1622,400,12,12,https://api.demoblaze.com/entries,192,0,0
1785317283104,191,TR - Login-288,200,OK,Scenario - Place Order 4-11,text,true,,527,483,12,12,https://api.demoblaze.com/check,190,0,0
1785317283042,392,TR - Login-270,200,OK,Scenario - Place Order 4-1,text,true,,5081,515,12,12,https://www.demoblaze.com/index.html,381,0,120
1785317283434,204,TR - Login-285,200,OK,Scenario - Place Order 4-1,text,true,,456,458,12,12,https://www.demoblaze.com/config.json,204,0,0
1785317283296,397,TR - View-350,200,OK,Scenario - Place Order 4-11,text,true,,937,360,12,12,https://merino.services.mozilla.com/api/v1/suggest?providers=geolocation&q=&sid=47aef6c4-f688-4e77-94a6-88686926762f&seq=0,397,0,134
1785317283638,172,TR - Login-286,200,OK,Scenario - Place Order 4-1,text,true,,449,500,12,12,https://api.demoblaze.com/check,172,0,0
1785317283656,190,TR - Place Order-373,200,OK,Scenario - Place Order 4-12,text,true,,620,471,12,12,https://api.demoblaze.com/check,190,0,0
1785317255830,1348,TC - Place Order,200,"Number of samples in transaction : 7, number of failing samples : 0",Scenario - Place Order 4-12,,true,,9038,3344,12,12,null,1342,26669,0
1785317283693,242,TR - -351,200,OK,Scenario - Place Order 4-11,text,true,,1297,428,12,12,https://merino.services.mozilla.com/api/v1/suggest?q=&providers=accuweather&request_type=weather&source=newtab&country=EG&region=SHG&city=Sohag&sid=f22d748a-3950-4e53-945c-40ee74ebd7d0&seq=0,242,0,0
1785317283810,196,TR - Login-287,200,OK,Scenario - Place Order 4-1,text,true,,1460,400,11,11,https://api.demoblaze.com/entries,196,0,0
1785317283969,181,TR - Place Order-373,200,OK,Scenario - Place Order 4-9,text,true,,477,471,11,11,https://api.demoblaze.com/check,181,0,0
1785317248307,1398,TC - Place Order,200,"Number of samples in transaction : 7, number of failing samples : 0",Scenario - Place Order 4-9,,true,,8985,3344,11,11,null,1395,34446,123
1785317284007,189,TR - Login-288,200,OK,Scenario - Place Order 4-1,text,true,,592,483,11,11,https://api.demoblaze.com/check,189,0,0
1785317284035,204,TR - Place Order-353,200,OK,Scenario - Place Order 4-10,text,true,,316,496,11,11,https://api.demoblaze.com/deletecart,204,0,0
1785317284065,192,TR - Place Order-372,200,OK,Scenario - Place Order 4-14,text,true,,449,500,11,11,https://api.demoblaze.com/check,192,0,0
1785317284488,298,TR - Logout-381,200,OK,Scenario - Place Order 4-6,text,true,,4927,515,11,11,https://www.demoblaze.com/index.html,296,0,124
1785317284894,65,TR - Logout-396,200,OK,Scenario - Place Order 4-5,text,true,,518,458,11,11,https://www.demoblaze.com/config.json,65,0,0
1785317284198,910,TR - View-350,200,OK,Scenario - Place Order 4-1,text,true,,937,360,11,11,https://merino.services.mozilla.com/api/v1/suggest?providers=geolocation&q=&sid=47aef6c4-f688-4e77-94a6-88686926762f&seq=0,910,0,121
1785317285108,243,TR - -351,200,OK,Scenario - Place Order 4-1,text,true,,1297,428,11,11,https://merino.services.mozilla.com/api/v1/suggest?q=&providers=accuweather&request_type=weather&source=newtab&country=EG&region=SHG&city=Sohag&sid=f22d748a-3950-4e53-945c-40ee74ebd7d0&seq=0,243,0,0
1785317285808,69,TR - Logout-381,200,OK,Scenario - Place Order 4-13,text,true,,5202,515,10,10,https://www.demoblaze.com/index.html,65,0,0
1785317285840,172,TR - Place Order-352,200,OK,Scenario - Place Order 4-15,text,true,,449,505,10,10,https://api.demoblaze.com/deletecart,172,0,0
1785317285981,195,TR - Place Order-371,200,OK,Scenario - Place Order 4-14,text,true,,1433,400,10,10,https://api.demoblaze.com/entries,195,0,0
1785317287236,65,TR - Logout-396,200,OK,Scenario - Place Order 4-13,text,true,,590,458,10,10,https://www.demoblaze.com/config.json,65,0,0
1785317287128,197,TR - Logout-397,200,OK,Scenario - Place Order 4-8,text,true,,1634,400,10,10,https://api.demoblaze.com/entries,196,0,0
1785317270484,566,TC - Logout,200,"Number of samples in transaction : 3, number of failing samples : 0",Scenario - Place Order 4-8,,true,,7193,1373,10,10,null,560,16275,0
1785317287325,188,TR - Open Home Page-243,200,OK,Scenario - Place Order 4-8,text,true,,5129,515,10,10,https://www.demoblaze.com/index.html,186,0,120
1785317287513,167,TR - Open Home Page-259,200,OK,Scenario - Place Order 4-8,text,true,,521,458,10,10,https://www.demoblaze.com/config.json,167,0,0
1785317287403,311,TR - Logout-397,200,OK,Scenario - Place Order 4-5,text,true,,1436,400,10,10,https://api.demoblaze.com/entries,311,0,114
1785317274742,551,TC - Logout,200,"Number of samples in transaction : 3, number of failing samples : 0",Scenario - Place Order 4-5,,true,,6989,1373,10,10,null,547,12422,114
1785317287680,185,TR - Open Home Page-260,200,OK,Scenario - Place Order 4-8,text,true,,1523,400,10,10,https://api.demoblaze.com/entries,184,0,0
1785317287715,304,TR - Open Home Page-243,200,OK,Scenario - Place Order 4-5,text,true,,5216,515,10,10,https://www.demoblaze.com/index.html,303,0,120
1785317287865,176,TR - Login-268,200,OK,Scenario - Place Order 4-8,text,true,,449,500,10,10,https://api.demoblaze.com/login,176,0,0
1785317288019,62,TR - Open Home Page-259,200,OK,Scenario - Place Order 4-5,text,true,,670,458,10,10,https://www.demoblaze.com/config.json,62,0,0
1785317287851,314,TR - Logout-397,200,OK,Scenario - Place Order 4-7,text,true,,1477,400,10,10,https://api.demoblaze.com/entries,314,0,118
1785317275383,586,TC - Logout,200,"Number of samples in transaction : 3, number of failing samples : 0",Scenario - Place Order 4-7,,true,,19476,1373,10,10,null,568,12197,118
1785317288109,71,TR - Place Order-354,200,OK,Scenario - Place Order 4-10,text,true,,5181,514,10,10,https://www.demoblaze.com/index.html,67,0,0
1785317288041,190,TR - Login-269,200,OK,Scenario - Place Order 4-8,text,true,,453,519,10,10,https://api.demoblaze.com/login,190,0,0
1785317288166,71,TR - Open Home Page-243,200,OK,Scenario - Place Order 4-7,text,true,,4837,515,10,10,https://www.demoblaze.com/index.html,69,0,0
1785317288081,197,TR - Open Home Page-260,200,OK,Scenario - Place Order 4-5,text,true,,1489,400,10,10,https://api.demoblaze.com/entries,197,0,0
1785317288237,63,TR - Open Home Page-259,200,OK,Scenario - Place Order 4-7,text,true,,546,458,10,10,https://www.demoblaze.com/config.json,63,0,0
1785317288231,69,TR - Login-270,200,OK,Scenario - Place Order 4-8,text,true,,5146,515,10,10,https://www.demoblaze.com/index.html,65,0,0
1785317288279,183,TR - Login-268,200,OK,Scenario - Place Order 4-5,text,true,,449,500,10,10,https://api.demoblaze.com/login,183,0,0
1785317288300,183,TR - Login-285,200,OK,Scenario - Place Order 4-8,text,true,,480,458,10,10,https://www.demoblaze.com/config.json,183,0,0
1785317288300,210,TR - Open Home Page-260,200,OK,Scenario - Place Order 4-7,text,true,,1642,400,10,10,https://api.demoblaze.com/entries,209,0,0
1785317288463,199,TR - Login-269,200,OK,Scenario - Place Order 4-5,text,true,,566,519,10,10,https://api.demoblaze.com/login,199,0,0
1785317288483,180,TR - Login-286,200,OK,Scenario - Place Order 4-8,text,true,,449,500,10,10,https://api.demoblaze.com/check,180,0,0
1785317288510,173,TR - Login-268,200,OK,Scenario - Place Order 4-7,text,true,,449,500,10,10,https://api.demoblaze.com/login,173,0,0
1785317288662,67,TR - Login-270,200,OK,Scenario - Place Order 4-5,text,true,,5147,515,10,10,https://www.demoblaze.com/index.html,64,0,0
1785317288729,62,TR - Login-285,200,OK,Scenario - Place Order 4-5,text,true,,670,458,10,10,https://www.demoblaze.com/config.json,61,0,0
1785317288663,197,TR - Login-287,200,OK,Scenario - Place Order 4-8,text,true,,1522,400,10,10,https://api.demoblaze.com/entries,197,0,0
1785317288684,230,TR - Login-269,200,OK,Scenario - Place Order 4-7,text,true,,558,519,10,10,https://api.demoblaze.com/login,230,0,0
1785317288748,183,TR - Logout-381,200,OK,Scenario - Place Order 4-12,text,true,,5105,515,10,10,https://www.demoblaze.com/index.html,178,0,0
1785317288791,172,TR - Login-286,200,OK,Scenario - Place Order 4-5,text,true,,449,500,10,10,https://api.demoblaze.com/check,172,0,0
1785317288860,203,TR - Login-288,200,OK,Scenario - Place Order 4-8,text,true,,583,483,10,10,https://api.demoblaze.com/check,200,0,0
1785317288915,195,TR - Login-270,200,OK,Scenario - Place Order 4-7,text,true,,5057,515,10,10,https://www.demoblaze.com/index.html,195,0,0
1785317288963,187,TR - Login-287,200,OK,Scenario - Place Order 4-5,text,true,,1478,400,10,10,https://api.demoblaze.com/entries,185,0,0
1785317289110,69,TR - Login-285,200,OK,Scenario - Place Order 4-7,text,true,,484,458,10,10,https://www.demoblaze.com/config.json,69,0,0
1785317289150,190,TR - Login-288,200,OK,Scenario - Place Order 4-5,text,true,,626,483,10,10,https://api.demoblaze.com/check,186,0,0
1785317289273,75,TR - Logout-381,200,OK,Scenario - Place Order 4-9,text,true,,5049,515,10,10,https://www.demoblaze.com/index.html,67,0,0
1785317289179,194,TR - Login-286,200,OK,Scenario - Place Order 4-7,text,true,,449,500,10,10,https://api.demoblaze.com/check,194,0,0
1785317289346,182,TR - Logout-396,200,OK,Scenario - Place Order 4-6,text,true,,460,458,10,10,https://www.demoblaze.com/config.json,182,0,0
1785317289350,188,TR - Logout-397,200,OK,Scenario - Place Order 4-13,text,true,,1544,400,10,10,https://api.demoblaze.com/entries,188,0,0
1785317280173,322,TC - Logout,200,"Number of samples in transaction : 3, number of failing samples : 0",Scenario - Place Order 4-13,,true,,7336,1373,10,10,null,318,9044,0
1785317289373,190,TR - Login-287,200,OK,Scenario - Place Order 4-7,text,true,,1569,400,10,10,https://api.demoblaze.com/entries,190,0,0
1785317289539,67,TR - Open Home Page-243,200,OK,Scenario - Place Order 4-13,text,true,,5069,515,10,10,https://www.demoblaze.com/index.html,63,0,0
1785317289564,202,TR - Login-288,200,OK,Scenario - Place Order 4-7,text,true,,649,483,10,10,https://api.demoblaze.com/check,202,0,0
1785317289607,186,TR - Open Home Page-259,200,OK,Scenario - Place Order 4-13,text,true,,493,458,10,10,https://www.demoblaze.com/config.json,186,0,0
1785317289793,199,TR - Open Home Page-260,200,OK,Scenario - Place Order 4-13,text,true,,1506,400,10,10,https://api.demoblaze.com/entries,198,0,0
1785317289769,380,TR - View-350,200,OK,Scenario - Place Order 4-7,text,true,,937,360,10,10,https://merino.services.mozilla.com/api/v1/suggest?providers=geolocation&q=&sid=47aef6c4-f688-4e77-94a6-88686926762f&seq=0,380,0,129
1785317289993,179,TR - Login-268,200,OK,Scenario - Place Order 4-13,text,true,,449,500,10,10,https://api.demoblaze.com/login,179,0,0
1785317290063,182,TR - Place Order-353,200,OK,Scenario - Place Order 4-15,text,true,,316,496,10,10,https://api.demoblaze.com/deletecart,182,0,0
1785317290173,205,TR - Login-269,200,OK,Scenario - Place Order 4-13,text,true,,605,519,10,10,https://api.demoblaze.com/login,205,0,0
1785317290150,274,TR - -351,200,OK,Scenario - Place Order 4-7,text,true,,1297,428,10,10,https://merino.services.mozilla.com/api/v1/suggest?q=&providers=accuweather&request_type=weather&source=newtab&country=EG&region=SHG&city=Sohag&sid=f22d748a-3950-4e53-945c-40ee74ebd7d0&seq=0,274,0,0
1785317290378,83,TR - Login-270,200,OK,Scenario - Place Order 4-13,text,true,,17517,515,9,9,https://www.demoblaze.com/index.html,65,0,0
1785317290277,196,TR - Place Order-373,200,OK,Scenario - Place Order 4-14,text,true,,579,471,9,9,https://api.demoblaze.com/check,196,0,0
1785317267282,1315,TC - Place Order,200,"Number of samples in transaction : 7, number of failing samples : 0",Scenario - Place Order 4-14,,true,,8818,3344,9,9,null,1311,21877,0
1785317290461,65,TR - Login-285,200,OK,Scenario - Place Order 4-13,text,true,,602,458,9,9,https://www.demoblaze.com/config.json,65,0,0
1785317290527,169,TR - Login-286,200,OK,Scenario - Place Order 4-13,text,true,,449,500,9,9,https://api.demoblaze.com/check,169,0,0
1785317290696,187,TR - Login-287,200,OK,Scenario - Place Order 4-13,text,true,,1485,400,9,9,https://api.demoblaze.com/entries,187,0,0
1785317290883,192,TR - Login-288,200,OK,Scenario - Place Order 4-13,text,true,,518,483,9,9,https://api.demoblaze.com/check,192,0,0
1785317291077,373,TR - View-350,200,OK,Scenario - Place Order 4-13,text,true,,937,360,9,9,https://merino.services.mozilla.com/api/v1/suggest?providers=geolocation&q=&sid=47aef6c4-f688-4e77-94a6-88686926762f&seq=0,373,0,124
1785317291450,256,TR - -351,200,OK,Scenario - Place Order 4-13,text,true,,1297,428,9,9,https://merino.services.mozilla.com/api/v1/suggest?q=&providers=accuweather&request_type=weather&source=newtab&country=EG&region=SHG&city=Sohag&sid=f22d748a-3950-4e53-945c-40ee74ebd7d0&seq=0,256,0,0
1785317291934,63,TR - Logout-396,200,OK,Scenario - Place Order 4-12,text,true,,498,458,8,8,https://www.demoblaze.com/config.json,63,0,0
1785317292139,187,TR - Place Order-354,200,OK,Scenario - Place Order 4-15,text,true,,5072,514,8,8,https://www.demoblaze.com/index.html,183,0,121
1785317293168,331,TR - Logout-397,200,OK,Scenario - Place Order 4-6,text,true,,1562,400,8,8,https://api.demoblaze.com/entries,331,0,129
1785317281071,811,TC - Logout,200,"Number of samples in transaction : 3, number of failing samples : 0",Scenario - Place Order 4-6,,true,,6949,1373,8,8,null,809,11616,253
1785317293611,64,TR - Logout-396,200,OK,Scenario - Place Order 4-9,text,true,,530,458,8,8,https://www.demoblaze.com/config.json,64,0,0
1785317293499,176,TR - Open Home Page-243,200,OK,Scenario - Place Order 4-6,text,true,,5101,515,8,8,https://www.demoblaze.com/index.html,174,0,0
1785317293664,183,TR - Place Order-370,200,OK,Scenario - Place Order 4-10,text,true,,597,458,8,8,https://www.demoblaze.com/config.json,183,0,0
1785317293676,181,TR - Open Home Page-259,200,OK,Scenario - Place Order 4-6,text,true,,462,458,8,8,https://www.demoblaze.com/config.json,181,0,0
1785317293767,188,TR - Logout-381,200,OK,Scenario - Place Order 4-14,text,true,,4877,515,8,8,https://www.demoblaze.com/index.html,184,0,0
1785317293857,187,TR - Open Home Page-260,200,OK,Scenario - Place Order 4-6,text,true,,1459,400,8,8,https://api.demoblaze.com/entries,186,0,0
1785317294044,196,TR - Login-268,200,OK,Scenario - Place Order 4-6,text,true,,449,500,8,8,https://api.demoblaze.com/login,196,0,0
1785317294240,202,TR - Login-269,200,OK,Scenario - Place Order 4-6,text,true,,625,519,8,8,https://api.demoblaze.com/login,201,0,0
1785317294442,68,TR - Login-270,200,OK,Scenario - Place Order 4-6,text,true,,5180,515,8,8,https://www.demoblaze.com/index.html,64,0,0
1785317294510,66,TR - Login-285,200,OK,Scenario - Place Order 4-6,text,true,,576,458,8,8,https://www.demoblaze.com/config.json,66,0,0
1785317294577,176,TR - Login-286,200,OK,Scenario - Place Order 4-6,text,true,,449,500,8,8,https://api.demoblaze.com/check,176,0,0
1785317294753,189,TR - Login-287,200,OK,Scenario - Place Order 4-6,text,true,,1582,400,8,8,https://api.demoblaze.com/entries,189,0,0
1785317294943,201,TR - Login-288,200,OK,Scenario - Place Order 4-6,text,true,,694,483,8,8,https://api.demoblaze.com/check,201,0,0
1785317295456,202,TR - Logout-397,200,OK,Scenario - Place Order 4-12,text,true,,1578,400,8,8,https://api.demoblaze.com/entries,201,0,0
1785317283847,448,TC - Logout,200,"Number of samples in transaction : 3, number of failing samples : 0",Scenario - Place Order 4-12,,true,,7181,1373,8,8,null,442,11362,0
1785317295658,211,TR - Open Home Page-243,200,OK,Scenario - Place Order 4-12,text,true,,4959,515,8,8,https://www.demoblaze.com/index.html,183,0,0
1785317295869,117,TR - Open Home Page-259,200,OK,Scenario - Place Order 4-12,text,true,,440,458,8,8,https://www.demoblaze.com/config.json,116,0,0
1785317295986,195,TR - Open Home Page-260,200,OK,Scenario - Place Order 4-12,text,true,,1527,400,8,8,https://api.demoblaze.com/entries,194,0,0
1785317296181,171,TR - Login-268,200,OK,Scenario - Place Order 4-12,text,true,,449,500,8,8,https://api.demoblaze.com/login,171,0,0
1785317296353,194,TR - Login-269,200,OK,Scenario - Place Order 4-12,text,true,,433,519,8,8,https://api.demoblaze.com/login,194,0,0
1785317296599,65,TR - Logout-396,200,OK,Scenario - Place Order 4-14,text,true,,627,458,8,8,https://www.demoblaze.com/config.json,64,0,0
1785317296548,178,TR - Login-270,200,OK,Scenario - Place Order 4-12,text,true,,5109,515,8,8,https://www.demoblaze.com/index.html,176,0,0
1785317296726,65,TR - Login-285,200,OK,Scenario - Place Order 4-12,text,true,,432,458,8,8,https://www.demoblaze.com/config.json,65,0,0
1785317296791,176,TR - Login-286,200,OK,Scenario - Place Order 4-12,text,true,,449,500,8,8,https://api.demoblaze.com/check,176,0,0
1785317296967,187,TR - Login-287,200,OK,Scenario - Place Order 4-12,text,true,,1663,400,8,8,https://api.demoblaze.com/entries,186,0,0
1785317297101,65,TR - Place Order-370,200,OK,Scenario - Place Order 4-15,text,true,,441,458,8,8,https://www.demoblaze.com/config.json,65,0,0
1785317297154,205,TR - Login-288,200,OK,Scenario - Place Order 4-12,text,true,,588,483,8,8,https://api.demoblaze.com/check,205,0,0
1785317297672,298,TR - Place Order-372,200,OK,Scenario - Place Order 4-10,text,true,,449,500,8,8,https://api.demoblaze.com/check,298,0,121
1785317297779,317,TR - Logout-397,200,OK,Scenario - Place Order 4-9,text,true,,1512,400,8,8,https://api.demoblaze.com/entries,317,0,125
1785317284151,456,TC - Logout,200,"Number of samples in transaction : 3, number of failing samples : 0",Scenario - Place Order 4-9,,true,,7091,1373,8,8,null,448,13489,125
1785317298097,183,TR - Open Home Page-243,200,OK,Scenario - Place Order 4-9,text,true,,5225,515,8,8,https://www.demoblaze.com/index.html,179,0,0
1785317298280,169,TR - Open Home Page-259,200,OK,Scenario - Place Order 4-9,text,true,,618,458,8,8,https://www.demoblaze.com/config.json,168,0,0
1785317298425,173,TR - Place Order-372,200,OK,Scenario - Place Order 4-15,text,true,,449,500,8,8,https://api.demoblaze.com/check,173,0,0
1785317298450,194,TR - Open Home Page-260,200,OK,Scenario - Place Order 4-9,text,true,,1544,400,8,8,https://api.demoblaze.com/entries,194,0,0
1785317298644,183,TR - Login-268,200,OK,Scenario - Place Order 4-9,text,true,,449,500,8,8,https://api.demoblaze.com/login,183,0,0
1785317298827,209,TR - Login-269,200,OK,Scenario - Place Order 4-9,text,true,,583,519,8,8,https://api.demoblaze.com/login,208,0,0
1785317299036,71,TR - Login-270,200,OK,Scenario - Place Order 4-9,text,true,,4970,515,8,8,https://www.demoblaze.com/index.html,67,0,0
1785317299107,66,TR - Login-285,200,OK,Scenario - Place Order 4-9,text,true,,649,458,8,8,https://www.demoblaze.com/config.json,65,0,0
1785317299173,184,TR - Login-286,200,OK,Scenario - Place Order 4-9,text,true,,449,500,8,8,https://api.demoblaze.com/check,184,0,0
1785317299357,199,TR - Login-287,200,OK,Scenario - Place Order 4-9,text,true,,1621,400,8,8,https://api.demoblaze.com/entries,199,0,0
1785317299556,183,TR - Login-288,200,OK,Scenario - Place Order 4-9,text,true,,616,483,8,8,https://api.demoblaze.com/check,183,0,0
1785317299741,395,TR - View-350,200,OK,Scenario - Place Order 4-9,text,true,,937,360,8,8,https://merino.services.mozilla.com/api/v1/suggest?providers=geolocation&q=&sid=47aef6c4-f688-4e77-94a6-88686926762f&seq=0,395,0,126
1785317300137,238,TR - -351,200,OK,Scenario - Place Order 4-9,text,true,,1297,428,8,8,https://merino.services.mozilla.com/api/v1/suggest?q=&providers=accuweather&request_type=weather&source=newtab&country=EG&region=SHG&city=Sohag&sid=f22d748a-3950-4e53-945c-40ee74ebd7d0&seq=0,237,0,0
1785317301797,198,TR - Logout-397,200,OK,Scenario - Place Order 4-14,text,true,,1483,400,7,7,https://api.demoblaze.com/entries,197,0,0
1785317290474,451,TC - Logout,200,"Number of samples in transaction : 3, number of failing samples : 0",Scenario - Place Order 4-14,,true,,6987,1373,7,7,null,445,11070,0
1785317301995,179,TR - Open Home Page-243,200,OK,Scenario - Place Order 4-14,text,true,,4847,515,7,7,https://www.demoblaze.com/index.html,176,0,0
1785317302175,199,TR - Open Home Page-259,200,OK,Scenario - Place Order 4-14,text,true,,667,458,7,7,https://www.demoblaze.com/config.json,199,0,0
1785317302319,197,TR - Place Order-371,200,OK,Scenario - Place Order 4-15,text,true,,1452,400,7,7,https://api.demoblaze.com/entries,197,0,0
1785317302375,192,TR - Open Home Page-260,200,OK,Scenario - Place Order 4-14,text,true,,1426,400,7,7,https://api.demoblaze.com/entries,192,0,0
1785317302567,182,TR - Login-268,200,OK,Scenario - Place Order 4-14,text,true,,449,500,7,7,https://api.demoblaze.com/login,182,0,0
1785317302750,199,TR - Login-269,200,OK,Scenario - Place Order 4-14,text,true,,533,519,7,7,https://api.demoblaze.com/login,198,0,0
1785317302949,65,TR - Login-270,200,OK,Scenario - Place Order 4-14,text,true,,5026,515,7,7,https://www.demoblaze.com/index.html,61,0,0
1785317303015,60,TR - Login-285,200,OK,Scenario - Place Order 4-14,text,true,,589,458,7,7,https://www.demoblaze.com/config.json,60,0,0
1785317303076,174,TR - Login-286,200,OK,Scenario - Place Order 4-14,text,true,,449,500,7,7,https://api.demoblaze.com/check,174,0,0
1785317303251,184,TR - Login-287,200,OK,Scenario - Place Order 4-14,text,true,,1655,400,7,7,https://api.demoblaze.com/entries,183,0,0
1785317303436,195,TR - Login-288,200,OK,Scenario - Place Order 4-14,text,true,,537,483,7,7,https://api.demoblaze.com/check,194,0,0
1785317303505,198,TR - Place Order-371,200,OK,Scenario - Place Order 4-10,text,true,,1521,400,7,7,https://api.demoblaze.com/entries,191,0,0
1785317303633,416,TR - View-350,200,OK,Scenario - Place Order 4-14,text,true,,937,360,7,7,https://merino.services.mozilla.com/api/v1/suggest?providers=geolocation&q=&sid=47aef6c4-f688-4e77-94a6-88686926762f&seq=0,416,0,137
1785317304049,244,TR - -351,200,OK,Scenario - Place Order 4-14,text,true,,1297,428,7,7,https://merino.services.mozilla.com/api/v1/suggest?q=&providers=accuweather&request_type=weather&source=newtab&country=EG&region=SHG&city=Sohag&sid=f22d748a-3950-4e53-945c-40ee74ebd7d0&seq=0,244,0,0
1785317306226,195,TR - Place Order-373,200,OK,Scenario - Place Order 4-10,text,true,,502,471,6,6,https://api.demoblaze.com/check,189,0,0
1785317280921,1332,TC - Place Order,200,"Number of samples in transaction : 7, number of failing samples : 0",Scenario - Place Order 4-10,,true,,9015,3344,6,6,null,1315,24168,121
1785317307490,198,TR - Place Order-373,200,OK,Scenario - Place Order 4-15,text,true,,444,471,6,6,https://api.demoblaze.com/check,198,0,0
1785317282997,1174,TC - Place Order,200,"Number of samples in transaction : 7, number of failing samples : 0",Scenario - Place Order 4-15,,true,,8623,3344,6,6,null,1170,23518,121
1785317309384,338,TR - Logout-381,200,OK,Scenario - Place Order 4-10,text,true,,17517,515,6,6,https://www.demoblaze.com/index.html,289,0,118
1785317289063,21053,TR - View-350,Non HTTP response code: org.apache.http.conn.HttpHostConnectException,Non HTTP response message: Connect to merino.services.mozilla.com:443 [merino.services.mozilla.com/146.75.53.91] failed: Connection timed out: connect,Scenario - Place Order 4-8,text,false,,2781,0,6,6,https://merino.services.mozilla.com/api/v1/suggest?providers=geolocation&q=&sid=47aef6c4-f688-4e77-94a6-88686926762f&seq=0,0,0,21052
1785317289341,21025,TR - View-350,Non HTTP response code: org.apache.http.conn.HttpHostConnectException,Non HTTP response message: Connect to merino.services.mozilla.com:443 [merino.services.mozilla.com/146.75.53.91] failed: Connection timed out: connect,Scenario - Place Order 4-5,text,false,,2781,0,6,6,https://merino.services.mozilla.com/api/v1/suggest?providers=geolocation&q=&sid=47aef6c4-f688-4e77-94a6-88686926762f&seq=0,0,0,21025
1785317310368,396,TR - -351,200,OK,Scenario - Place Order 4-5,text,true,,1297,428,6,6,https://merino.services.mozilla.com/api/v1/suggest?q=&providers=accuweather&request_type=weather&source=newtab&country=EG&region=SHG&city=Sohag&sid=f22d748a-3950-4e53-945c-40ee74ebd7d0&seq=0,396,0,124
1785317311041,187,TR - Logout-396,200,OK,Scenario - Place Order 4-10,text,true,,458,458,5,5,https://www.demoblaze.com/config.json,179,0,0
1785317311417,179,TR - Logout-381,200,OK,Scenario - Place Order 4-15,text,true,,5025,515,5,5,https://www.demoblaze.com/index.html,175,0,0
1785317295146,21042,TR - View-350,Non HTTP response code: org.apache.http.conn.HttpHostConnectException,Non HTTP response message: Connect to merino.services.mozilla.com:443 [merino.services.mozilla.com/146.75.53.91] failed: Connection timed out: connect,Scenario - Place Order 4-6,text,false,,2781,0,5,5,https://merino.services.mozilla.com/api/v1/suggest?providers=geolocation&q=&sid=47aef6c4-f688-4e77-94a6-88686926762f&seq=0,0,0,21042
1785317316027,172,TR - Logout-396,200,OK,Scenario - Place Order 4-15,text,true,,517,458,5,5,https://www.demoblaze.com/config.json,172,0,0
1785317316033,216,TR - Logout-397,200,OK,Scenario - Place Order 4-10,text,true,,1501,400,5,5,https://api.demoblaze.com/entries,215,0,0
1785317306421,741,TC - Logout,200,"Number of samples in transaction : 3, number of failing samples : 0",Scenario - Place Order 4-10,,true,,19476,1373,5,5,null,683,9087,118
1785317316249,199,TR - Open Home Page-243,200,OK,Scenario - Place Order 4-10,text,true,,5011,515,5,5,https://www.demoblaze.com/index.html,190,0,0
1785317316196,431,TR - -351,200,OK,Scenario - Place Order 4-6,text,true,,1297,428,5,5,https://merino.services.mozilla.com/api/v1/suggest?q=&providers=accuweather&request_type=weather&source=newtab&country=EG&region=SHG&city=Sohag&sid=f22d748a-3950-4e53-945c-40ee74ebd7d0&seq=0,431,0,117
1785317316448,182,TR - Open Home Page-259,200,OK,Scenario - Place Order 4-10,text,true,,471,458,4,4,https://www.demoblaze.com/config.json,182,0,0
1785317316631,189,TR - Open Home Page-260,200,OK,Scenario - Place Order 4-10,text,true,,1634,400,4,4,https://api.demoblaze.com/entries,189,0,0
1785317316821,172,TR - Login-268,200,OK,Scenario - Place Order 4-10,text,true,,449,500,4,4,https://api.demoblaze.com/login,172,0,0
1785317316993,200,TR - Login-269,200,OK,Scenario - Place Order 4-10,text,true,,582,519,4,4,https://api.demoblaze.com/login,200,0,0
1785317317193,182,TR - Login-270,200,OK,Scenario - Place Order 4-10,text,true,,4836,515,4,4,https://www.demoblaze.com/index.html,179,0,0
1785317317375,179,TR - Login-285,200,OK,Scenario - Place Order 4-10,text,true,,446,458,4,4,https://www.demoblaze.com/config.json,178,0,0
1785317317554,180,TR - Login-286,200,OK,Scenario - Place Order 4-10,text,true,,449,500,4,4,https://api.demoblaze.com/check,180,0,0
1785317317735,206,TR - Login-287,200,OK,Scenario - Place Order 4-10,text,true,,1673,400,4,4,https://api.demoblaze.com/entries,205,0,0
1785317317941,190,TR - Login-288,200,OK,Scenario - Place Order 4-10,text,true,,606,483,4,4,https://api.demoblaze.com/check,190,0,0
1785317297361,21022,TR - View-350,Non HTTP response code: org.apache.http.conn.HttpHostConnectException,Non HTTP response message: Connect to merino.services.mozilla.com:443 [merino.services.mozilla.com/146.75.53.91] failed: Connection timed out: connect,Scenario - Place Order 4-12,text,false,,2781,0,4,4,https://merino.services.mozilla.com/api/v1/suggest?providers=geolocation&q=&sid=47aef6c4-f688-4e77-94a6-88686926762f&seq=0,0,0,21022
1785317319732,324,TR - Logout-397,200,OK,Scenario - Place Order 4-15,text,true,,1501,400,4,4,https://api.demoblaze.com/entries,324,0,121
1785317307689,675,TC - Logout,200,"Number of samples in transaction : 3, number of failing samples : 0",Scenario - Place Order 4-15,,true,,7043,1373,4,4,null,671,11693,121
1785317320057,68,TR - Open Home Page-243,200,OK,Scenario - Place Order 4-15,text,true,,4974,515,4,4,https://www.demoblaze.com/index.html,64,0,0
1785317320125,182,TR - Open Home Page-259,200,OK,Scenario - Place Order 4-15,text,true,,449,458,4,4,https://www.demoblaze.com/config.json,182,0,0
1785317320308,193,TR - Open Home Page-260,200,OK,Scenario - Place Order 4-15,text,true,,1435,400,4,4,https://api.demoblaze.com/entries,192,0,0
1785317320501,170,TR - Login-268,200,OK,Scenario - Place Order 4-15,text,true,,449,500,4,4,https://api.demoblaze.com/login,170,0,0
1785317320672,192,TR - Login-269,200,OK,Scenario - Place Order 4-15,text,true,,477,519,4,4,https://api.demoblaze.com/login,192,0,0
1785317320865,174,TR - Login-270,200,OK,Scenario - Place Order 4-15,text,true,,4867,515,4,4,https://www.demoblaze.com/index.html,167,0,0
1785317321040,177,TR - Login-285,200,OK,Scenario - Place Order 4-15,text,true,,496,458,4,4,https://www.demoblaze.com/config.json,176,0,0
1785317321217,193,TR - Login-286,200,OK,Scenario - Place Order 4-15,text,true,,449,500,4,4,https://api.demoblaze.com/check,193,0,0
1785317321411,196,TR - Login-287,200,OK,Scenario - Place Order 4-15,text,true,,1458,400,4,4,https://api.demoblaze.com/entries,196,0,0
1785317321608,183,TR - Login-288,200,OK,Scenario - Place Order 4-15,text,true,,507,483,4,4,https://api.demoblaze.com/check,179,0,0
1785317321792,408,TR - View-350,200,OK,Scenario - Place Order 4-15,text,true,,937,360,4,4,https://merino.services.mozilla.com/api/v1/suggest?providers=geolocation&q=&sid=47aef6c4-f688-4e77-94a6-88686926762f&seq=0,408,0,131
1785317322201,242,TR - -351,200,OK,Scenario - Place Order 4-15,text,true,,1297,428,4,4,https://merino.services.mozilla.com/api/v1/suggest?q=&providers=accuweather&request_type=weather&source=newtab&country=EG&region=SHG&city=Sohag&sid=f22d748a-3950-4e53-945c-40ee74ebd7d0&seq=0,242,0,0
1785317310119,21040,TR - -351,Non HTTP response code: org.apache.http.conn.HttpHostConnectException,Non HTTP response message: Connect to merino.services.mozilla.com:443 [merino.services.mozilla.com/146.75.53.91] failed: Connection timed out: connect,Scenario - Place Order 4-8,text,false,,2781,0,3,3,https://merino.services.mozilla.com/api/v1/suggest?q=&providers=accuweather&request_type=weather&source=newtab&country=EG&region=SHG&city=Sohag&sid=f22d748a-3950-4e53-945c-40ee74ebd7d0&seq=0,0,0,21040
1785317318132,21035,TR - View-350,Non HTTP response code: org.apache.http.conn.HttpHostConnectException,Non HTTP response message: Connect to merino.services.mozilla.com:443 [merino.services.mozilla.com/146.75.53.91] failed: Connection timed out: connect,Scenario - Place Order 4-10,text,false,,2781,0,2,2,https://merino.services.mozilla.com/api/v1/suggest?providers=geolocation&q=&sid=47aef6c4-f688-4e77-94a6-88686926762f&seq=0,0,0,21035
1785317318383,21051,TR - -351,Non HTTP response code: org.apache.http.conn.HttpHostConnectException,Non HTTP response message: Connect to merino.services.mozilla.com:443 [merino.services.mozilla.com/146.75.53.91] failed: Connection timed out: connect,Scenario - Place Order 4-12,text,false,,2781,0,2,2,https://merino.services.mozilla.com/api/v1/suggest?q=&providers=accuweather&request_type=weather&source=newtab&country=EG&region=SHG&city=Sohag&sid=f22d748a-3950-4e53-945c-40ee74ebd7d0&seq=0,0,0,21050
1785317339169,433,TR - -351,200,OK,Scenario - Place Order 4-10,text,true,,1291,428,1,1,https://merino.services.mozilla.com/api/v1/suggest?q=&providers=accuweather&request_type=weather&source=newtab&country=EG&region=SHG&city=Sohag&sid=f22d748a-3950-4e53-945c-40ee74ebd7d0&seq=0,433,0,129
